pathway	description	A4	A5	A6	A52	A53	A54
1CMET2-PWY	N10-formyl-tetrahydrofolate biosynthesis	30894.0314	31705.592999999997	31465.1359	30056.2428	29163.7979	36777.6631
3-HYDROXYPHENYLACETATE-DEGRADATION-PWY	4-hydroxyphenylacetate degradation	1077.4988	1058.7371	1200.5624	664.8831	638.816	5506.4231
AEROBACTINSYN-PWY	aerobactin biosynthesis	0.0	0.0	3.8282	0.7598	0.0	1.9763
ALL-CHORISMATE-PWY	superpathway of chorismate metabolism	7742.9901	7507.5206	8881.6708	7270.0812	7111.0325	14775.0065
ANAEROFRUCAT-PWY	homolactic fermentation	34450.6934	33702.6158	35728.2373	36148.0846	32918.4893	38046.2331
ANAGLYCOLYSIS-PWY	glycolysis III (from glucose)	39403.8326	38704.9177	40132.581	42799.7045	39362.0553	39968.1582
ARG+POLYAMINE-SYN	superpathway of arginine and polyamine biosynthesis	12976.03	14343.2553	12721.9562	11166.1501	12452.7367	14143.3859
ARGDEG-PWY	superpathway of L-arginine, putrescine, and 4-aminobutanoate degradation	214.3384	213.4783	106.4149	19.8327	9.0728	129.9006
ARGORNPROST-PWY	arginine, ornithine and proline interconversion	12051.5439	13383.0414	11238.6763	13230.8601	12054.3595	10814.2352
ARGSYN-PWY	L-arginine biosynthesis I (via L-ornithine)	34928.1013	35304.9209	34625.0486	35485.9861	34789.3011	36417.7027
ARGSYNBSUB-PWY	L-arginine biosynthesis II (acetyl cycle)	37122.9082	37670.3478	36600.3385	37264.5059	36361.7474	41917.7185
ARO-PWY	chorismate biosynthesis I	36554.785	36961.4762	36734.2533	34942.683	35045.4393	42539.8528
ASPASN-PWY	superpathway of L-aspartate and L-asparagine biosynthesis	12634.0937	14478.1605	14151.4408	11031.233999999999	9867.2596	18500.096
AST-PWY	L-arginine degradation II (AST pathway)	187.7941	162.8033	130.1133	89.9413	67.4881	180.9061
BIOTIN-BIOSYNTHESIS-PWY	biotin biosynthesis I	13440.6098	12655.3955	16526.3474	8369.509	7195.6476	21278.2645
BRANCHED-CHAIN-AA-SYN-PWY	superpathway of branched amino acid biosynthesis	50824.7775	50346.1338	50668.0228	52427.2932	49517.5363	53393.7652
CALVIN-PWY	Calvin-Benson-Bassham cycle	41789.9015	42190.1731	41636.2836	42331.1728	41446.8645	43739.6002
CATECHOL-ORTHO-CLEAVAGE-PWY	catechol degradation to &beta;-ketoadipate	5096.7739	5585.6901	5346.5313	4019.7774	3237.3709	8703.4696
CENTBENZCOA-PWY	benzoyl-CoA degradation II (anaerobic)	0.0	0.0	1.6	0.0	0.0	0.0
CENTFERM-PWY	pyruvate fermentation to butanoate	11886.421	12106.4753	11491.4207	14648.2868	12572.0629	7823.9939
CHLOROPHYLL-SYN	chlorophyllide a biosynthesis I (aerobic, light-dependent)	346.4151	402.2121	230.3488	194.9123	300.5461	154.3651
COA-PWY	coenzyme A biosynthesis I	37007.9699	37160.1743	37262.8228	37825.6249	36738.763	41870.1596
COBALSYN-PWY	adenosylcobalamin salvage from cobinamide I	21904.4599	21839.8106	20579.0889	19329.9048	20946.9717	13488.957
CODH-PWY	reductive acetyl coenzyme A pathway	9537.8998	10165.0596	9092.1348	8466.7981	10417.1483	7351.7135
COLANSYN-PWY	colanic acid building blocks biosynthesis	23978.0639	22347.4734	23412.1081	27481.6128	25437.2705	14953.9896
COMPLETE-ARO-PWY	superpathway of aromatic amino acid biosynthesis	38356.8721	38710.6501	38742.7799	36822.5794	36810.002	45184.511
CRNFORCAT-PWY	creatinine degradation I	2722.3327	3067.8252	2128.0065	2678.4401	2887.7321	9211.367
DAPLYSINESYN-PWY	L-lysine biosynthesis I	37319.4801	37278.8378	37204.5302	36310.2003	36039.9978	41786.8774
DENITRIFICATION-PWY	nitrate reduction I (denitrification)	1100.5886	1070.7244	934.9176	625.4941	952.1560000000001	1692.4823
DENOVOPURINE2-PWY	superpathway of purine nucleotides de novo biosynthesis II	32534.5487	32799.0024	32710.7016	32800.7452	32313.8277	26096.7669
DHGLUCONATE-PYR-CAT-PWY	glucose degradation (oxidative)	9.9632	24.8029	63.6435	0.0	0.0	61.8614
DTDPRHAMSYN-PWY	dTDP-L-rhamnose biosynthesis I	38198.6473	38467.7267	37207.8271	36963.2497	38869.6488	20095.9925
ECASYN-PWY	enterobacterial common antigen biosynthesis	435.7396	457.7367	638.1883	62.4838	29.3548	92.8422
ENTBACSYN-PWY	enterobactin biosynthesis	5632.7493	6157.2443	4836.2673	5241.93	5583.0312	10062.3888
FAO-PWY	fatty acid &beta;-oxidation I	30681.5093	31007.2108	33653.8432	30013.101000000002	24783.0693	50528.1689
FASYN-ELONG-PWY	fatty acid elongation -- saturated	35430.3418	38078.9135	35988.2425	30683.1581	32573.7171	39577.0091
FASYN-INITIAL-PWY	superpathway of fatty acid biosynthesis initiation (E. coli)	15700.3093	15076.2932	19360.6496	10005.4848	10006.5011	30187.4254
FERMENTATION-PWY	mixed acid fermentation	20208.9703	20693.4803	20117.5406	18876.8326	19542.8888	21738.1869
FOLSYN-PWY	superpathway of tetrahydrofolate biosynthesis and salvage	31913.9011	32893.5513	32262.1737	30635.3607	30377.2367	41012.0044
FUC-RHAMCAT-PWY	superpathway of fucose and rhamnose degradation	205.3437	148.2392	123.598	97.6282	93.1298	642.4666
FUCCAT-PWY	fucose degradation	1342.0941	1434.1848	1037.1909	1002.6505	1252.2598	524.8088
GALACT-GLUCUROCAT-PWY	superpathway of hexuronide and hexuronate degradation	2525.7914	2960.9359	2594.3447	3128.7847	2959.2823	2505.3021
GALACTARDEG-PWY	D-galactarate degradation I	276.9276	300.7441	283.3778	284.1939	257.7134	546.5199
GALACTUROCAT-PWY	D-galacturonate degradation I	4952.7732	5734.2466	5365.4551	5278.9212	5811.7308	6378.6316
GALLATE-DEGRADATION-I-PWY	gallate degradation II	1217.7097	1761.764	1610.4358	272.9241	574.1333	1697.4415
GALLATE-DEGRADATION-II-PWY	gallate degradation I	202.4567	268.4976	202.5894	250.5266	274.8414	1697.4415
GLCMANNANAUT-PWY	superpathway of N-acetylglucosamine, N-acetylmannosamine and N-acetylneuraminate degradation	1569.7287	1257.6455	1626.6822	2465.0827	1818.0865	4508.3552
GLUCARDEG-PWY	D-glucarate degradation I	289.5894	310.0904	291.8003	513.0675	313.5754	2923.8853
GLUCARGALACTSUPER-PWY	superpathway of D-glucarate and D-galactarate degradation	276.9276	300.7441	283.3778	284.1939	257.7134	546.5199
GLUCONEO-PWY	gluconeogenesis I	38324.9334	37487.3902	38246.8884	39238.1023	36596.9988	43034.107
GLUCOSE1PMETAB-PWY	glucose and glucose-1-phosphate degradation	5312.1243	5015.0262	7851.5744	2112.384	3002.3834	3607.7574
GLUCUROCAT-PWY	superpathway of &beta;-D-glucuronide and D-glucuronate degradation	2552.1365	2981.2217	2555.3398	3393.3331	2886.4959999999996	2277.8505
GLUTORN-PWY	L-ornithine biosynthesis	34977.7556	35437.4235	35087.3735	32922.0798	33528.1059	38065.2762
GLYCOCAT-PWY	glycogen degradation I (bacterial)	25711.4696	27606.5079	23066.0126	24477.9033	27282.3478	14403.9419
GLYCOGENSYNTH-PWY	glycogen biosynthesis I (from ADP-D-Glucose)	24620.1846	25900.8121	22022.1953	24114.7385	25369.9589	20491.4272
GLYCOL-GLYOXDEG-PWY	superpathway of glycol metabolism and degradation	41.6681	26.6158	24.9949	19.5328	22.8725	234.9017
GLYCOLYSIS	glycolysis I (from glucose 6-phosphate)	38542.1653	37590.385	38914.5626	41131.2175	37498.5017	42259.6938
GLYCOLYSIS-E-D	superpathway of glycolysis and Entner-Doudoroff	31141.7778	30568.6591	31138.0998	30746.5248	29895.1183	32577.6784
GLYCOLYSIS-TCA-GLYOX-BYPASS	superpathway of glycolysis, pyruvate dehydrogenase, TCA, and glyoxylate bypass	25960.9718	26466.9793	27975.6594	25510.34	21527.5554	41273.0322
GLYOXYLATE-BYPASS	glyoxylate cycle	15551.6293	16310.7935	17157.5883	14537.7961	12049.1506	35909.9884
GOLPDLCAT-PWY	superpathway of glycerol degradation to 1,3-propanediol	206.6007	214.9297	191.9498	586.5176	219.8074	517.6143
HCAMHPDEG-PWY	3-phenylpropanoate and 3-(3-hydroxyphenyl)propanoate degradation to 2-oxopent-4-enoate	3216.5240000000003	3343.1198	2892.8912	3426.8031	2553.9378	3825.2358
HEME-BIOSYNTHESIS-II	heme biosynthesis I (aerobic)	20172.7111	17572.359	21506.7407	25706.3766	18479.2283	29305.0377
HEMESYN2-PWY	heme biosynthesis II (anaerobic)	30507.206000000002	30500.9078	30993.0251	30167.3034	28178.8751	42564.1572
HEXITOLDEGSUPER-PWY	superpathway of hexitol degradation (bacteria)	5724.1779	5208.4766	5376.9847	8704.7765	5455.5344	8463.3638
HISDEG-PWY	L-histidine degradation I	16873.334	15995.396999999999	18960.6407	21865.2316	15813.8992	25929.1881
HISTSYN-PWY	L-histidine biosynthesis	35908.3255	36074.4655	36316.2819	36251.7626	35146.8222	40573.7063
HOMOSER-METSYN-PWY	L-methionine biosynthesis I	21538.1689	21110.8003	22683.8952	20989.3428	18610.8061	35575.3518
HSERMETANA-PWY	L-methionine biosynthesis III	28248.4712	26960.1656	29739.9313	28580.0483	24642.8666	38276.6907
ILEUSYN-PWY	L-isoleucine biosynthesis I (from threonine)	54048.7575	53819.4061	53290.7266	54970.0517	52151.0561	59729.1319
KDO-NAGLIPASYN-PWY	superpathway of (Kdo)2-lipid A biosynthesis	1583.71	1654.5272	2228.7155	1045.6346	243.6738	2903.0617
KETOGLUCONMET-PWY	ketogluconate metabolism	718.5494	834.9147	637.7709	1080.2882	945.1487	5556.1142
LACTOSECAT-PWY	lactose and galactose degradation I	11.967	0.7198	0.0	6.9117	1.4394	1008.2965
LEU-DEG2-PWY	L-leucine degradation I	15545.845	15950.2462	17397.6114	13141.2756	12576.7024	21208.55
LIPASYN-PWY	phospholipases	1044.5041	1005.2316	824.1897	731.4266	895.4008	371.4772
LPSSYN-PWY	superpathway of lipopolysaccharide biosynthesis	0.0	0.0	43.268	0.0	2.1239	0.0
MET-SAM-PWY	superpathway of S-adenosyl-L-methionine biosynthesis	27488.1868	27571.8665	28720.5028	26520.4432	24793.9223	39334.9233
METH-ACETATE-PWY	methanogenesis from acetate	14620.6312	15677.3117	13980.426000000001	10617.1578	15558.4688	9223.9488
METHANOGENESIS-PWY	methanogenesis from H2 and CO2	6759.3567	7248.9222	6122.9447	5033.0618	7796.2014	3978.5122
METHGLYUT-PWY	superpathway of methylglyoxal degradation	147.9749	81.5765	60.8791	354.2498	158.6408	2228.7975
METHYLGALLATE-DEGRADATION-PWY	methylgallate degradation	1511.6429	2180.9611	1994.1669	340.6778	715.4164	2096.3464
NAD-BIOSYNTHESIS-II	NAD salvage pathway II	11327.911	12220.4102	11591.5912	8555.1282	9430.7644	23471.8969
NADSYN-PWY	NAD biosynthesis II (from tryptophan)	4038.8564	2864.1708	7024.0267	3175.4569	3162.9072	7885.0784
NAGLIPASYN-PWY	lipid IVA biosynthesis	16034.3859	17129.8847	16452.8014	12544.8369	15386.5668	15099.8253
NONMEVIPP-PWY	methylerythritol phosphate pathway I	33103.5535	32721.956000000002	33661.2249	34423.0748	32091.3111	36930.489
NONOXIPENT-PWY	pentose phosphate pathway (non-oxidative branch)	41378.6104	40385.736000000004	41863.3356	46867.4462	40212.7162	42583.6346
OANTIGEN-PWY	O-antigen building blocks biosynthesis (E. coli)	34458.2133	34596.8124	34246.4854	34120.2262	33682.732	25510.4131
ORNARGDEG-PWY	superpathway of L-arginine and L-ornithine degradation	214.3384	213.4783	106.4149	19.8327	9.0728	129.9006
ORNDEG-PWY	superpathway of ornithine degradation	3749.1732	1372.3527	4035.9164	4881.9313	3416.6038	1577.8192
P101-PWY	ectoine biosynthesis	11898.9116	10751.7302	11531.7574	10520.4769	11407.1836	11803.3718
P105-PWY	TCA cycle IV (2-oxoglutarate decarboxylase)	32823.7027	33215.1498	34334.7846	33001.371	28496.5692	48238.5054
P108-PWY	pyruvate fermentation to propanoate I	30599.2451	29726.4293	30722.2838	36713.277	30137.3534	28636.481
P122-PWY	heterolactic fermentation	11868.2469	11604.4014	10466.7572	11170.861	9268.2069	10747.8234
P124-PWY	Bifidobacterium shunt	14287.7217	15346.4623	12328.4435	14280.3426	13048.0971	12100.783000000001
P125-PWY	superpathway of (R,R)-butanediol biosynthesis	5819.0656	6584.6214	5941.5089	4762.4253	5748.496	7786.7286
P161-PWY	acetylene degradation	17925.284	18164.9407	16958.181	19141.7022	16500.3336	17627.7377
P162-PWY	L-glutamate degradation V (via hydroxyglutarate)	1762.4257	1846.4393	1634.058	2980.2308	1890.3231	209.6642
P163-PWY	L-lysine fermentation to acetate and butanoate	7396.6978	7999.8634	6168.6184	6286.9628	6065.8919	3442.8665
P164-PWY	purine nucleobases degradation I (anaerobic)	16317.2065	17611.4283	15663.889	17468.229	16362.9584	5475.9015
P184-PWY	protocatechuate degradation I (meta-cleavage pathway)	829.6171	927.2007	850.4767	284.1752	594.5358	989.7126
P221-PWY	octane oxidation	16139.3263	17137.7299	13992.7164	13983.4696	12847.9714	10865.2393
P23-PWY	reductive TCA cycle I	34559.6029	34951.0831	35365.4349	32554.7833	32255.7235	33219.9362
P241-PWY	coenzyme B biosynthesis	6119.6398	6582.5288	5714.0004	4194.1796	7096.5105	3381.1875
P261-PWY	coenzyme M biosynthesis I	1582.8296	1744.4268	1846.3291	2193.8305	2249.8831	1263.7747
P281-PWY	3-phenylpropanoate degradation	990.2293	1103.2884	1098.068	994.8794	602.6948	3347.3828
P341-PWY	glycolysis V (Pyrococcus)	8425.1671	9241.7636	8005.8114	4838.1302	9466.5233	5156.6997
P381-PWY	adenosylcobalamin biosynthesis II (late cobalt incorporation)	3228.2496	2258.3791	2602.6508	2987.2403	3021.6197	3588.8408
P4-PWY	superpathway of L-lysine, L-threonine and L-methionine biosynthesis I	31741.882999999998	31596.327	32291.2469	31214.9572	29368.4755	38923.195
P42-PWY	incomplete reductive TCA cycle	42005.1062	42956.398	42285.0992	43351.0836	43175.6412	38226.6386
P441-PWY	superpathway of N-acetylneuraminate degradation	4612.0001	3802.9585	4741.8669	6762.5453	5202.8968	9176.3118
P461-PWY	hexitol fermentation to lactate, formate, ethanol and acetate	2127.6192	2354.5824	2104.7892	4397.8002	2799.2431	7735.0418
P562-PWY	myo-inositol degradation I	6970.9036	7474.0866	5445.68	6071.3829	6016.6611	11412.2799
P621-PWY	nylon-6 oligomer degradation	477.6776	515.2759	309.2874	298.6004	337.2833	85.6084
PANTO-PWY	phosphopantothenate biosynthesis I	31036.7322	30838.3417	31880.2983	33017.4631	29649.98	37534.7371
PANTOSYN-PWY	pantothenate and coenzyme A biosynthesis I	32670.1149	32609.9965	33370.5161	34073.6746	31709.432	39007.8024
PENTOSE-P-PWY	pentose phosphate pathway	28704.2366	27306.0457	28059.4182	30673.4415	28271.9345	29357.9898
PEPTIDOGLYCANSYN-PWY	peptidoglycan biosynthesis I (meso-diaminopimelate containing)	34476.1542	33870.2129	34996.2763	37239.1746	33167.2931	38392.5755
PHOSLIPSYN-PWY	superpathway of phospholipid biosynthesis I (bacteria)	41149.2836	41814.9406	41539.2842	40700.3015	38920.5234	45574.6664
POLYAMINSYN3-PWY	superpathway of polyamine biosynthesis II	7885.6576	8420.1214	7803.0235	6776.6181	7572.4517	8759.1376
POLYAMSYN-PWY	superpathway of polyamine biosynthesis I	8119.7492	9173.3979	7917.4201	6743.5953	7730.1129	8808.9333
POLYISOPRENSYN-PWY	polyisoprenoid biosynthesis (E. coli)	31410.2732	31595.5722	31477.0691	30402.5784	30982.7359	36412.6642
PPGPPMET-PWY	ppGpp biosynthesis	10686.5261	9553.3019	12253.8085	7610.9437	6580.1035	20840.948
PROTOCATECHUATE-ORTHO-CLEAVAGE-PWY	protocatechuate degradation II (ortho-cleavage pathway)	6306.1426	6631.6231	5517.495	7537.1391	6736.1377	26580.3498
PRPP-PWY	superpathway of histidine, purine, and pyrimidine biosynthesis	27490.1748	28102.5155	28077.4339	27358.124	27082.0107	24514.6101
PWY-1269	CMP-3-deoxy-D-manno-octulosonate biosynthesis I	15613.3712	16653.0772	16001.5337	11955.2346	14927.0729	14936.8625
PWY-1361	benzoyl-CoA degradation I (aerobic)	169.1387	117.9418	153.2339	117.2395	134.3654	24.575
PWY-1501	mandelate degradation I	113.3043	134.7743	61.3272	72.3085	85.9661	40.2443
PWY-1541	superpathway of taurine degradation	1166.7067	1297.2258	909.0528	774.6336	1183.4828	589.9109
PWY-1622	formaldehyde assimilation I (serine pathway)	3789.5503	4033.6722	2614.5161	3572.6234	3839.6712	2423.7141
PWY-181	photorespiration	12093.0723	12805.673	9826.4651	12009.651000000002	11384.9929	25301.876
PWY-1861	formaldehyde assimilation II (RuMP Cycle)	21346.5349	22423.07	20529.2325	18890.3298	23927.638	26042.037999999997
PWY-1882	superpathway of C1 compounds oxidation to CO2	1073.9012	1197.0034	819.1723	1181.3275	1200.5118	660.5577
PWY-2221	Entner-Doudoroff pathway III (semi-phosphorylative)	22.4768	6.7481	0.0	2.2497	8.9961	2.2497
PWY-2941	L-lysine biosynthesis II	2366.3625	3489.5786	5200.2939	6675.4130000000005	2214.2504	17073.6263
PWY-2942	L-lysine biosynthesis III	42914.4396	43144.9954	43180.5978	43644.4839	42247.0103	50154.6884
PWY-3001	superpathway of L-isoleucine biosynthesis I	43642.7302	44047.2848	43706.6584	43727.9622	43267.8626	45878.0246
PWY-3661	glycine betaine degradation I	5648.7175	6273.8188	4088.3646	3748.8583	5254.1063	3041.5639
PWY-3781	aerobic respiration I (cytochrome c)	85122.498	80497.2597	88607.7259	98878.9247	80606.7892	112498.3747
PWY-3801	sucrose degradation II (sucrose synthase)	0.0	0.0	0.0	1596.0991	267.98	5155.2294
PWY-3941	&beta;-alanine biosynthesis II	57.538000000000004	59.284	30.136	39.711	50.3638	87.6907
PWY-4361	S-methyl-5-thio-&alpha;-D-ribose 1-phosphate degradation	282.2445	441.2382	535.4482	1524.0905	403.5758	4600.9211
PWY-4722	creatinine degradation II	547.9991	647.4086	351.74	367.6819	459.2611	122.6527
PWY-4984	urea cycle	11424.486	12152.716	14350.2814	10876.8578	9090.8947	21562.8836
PWY-5005	biotin biosynthesis II	690.0107	254.9704	579.7671	1080.5262	595.681	324.3785
PWY-5022	4-aminobutanoate degradation V	9853.1671	10404.7896	9583.9342	12240.2401	9378.2341	25852.6493
PWY-5028	L-histidine degradation II	5308.7028	6712.7934	6432.7207	1499.6052	2760.9178	3034.612
PWY-5088	L-glutamate degradation VIII (to propanoate)	262.7132	230.954	281.9782	174.6592	221.9696	239.3116
PWY-5097	L-lysine biosynthesis VI	40537.9732	40751.5436	40917.5353	41055.0568	39945.5553	47177.096
PWY-5100	pyruvate fermentation to acetate and lactate II	23997.084	25777.0384	22466.3038	20334.5454	23639.6684	15749.3428
PWY-5101	L-isoleucine biosynthesis II	57215.9113	57156.7728	56541.7727	58081.0271	55426.2237	62669.9691
PWY-5103	L-isoleucine biosynthesis III	46052.1729	46008.907999999996	46016.2769	46543.6242	44879.4743	50233.1683
PWY-5104	L-isoleucine biosynthesis IV	47353.3835	48761.7513	45459.2729	46743.4051	50427.66099999999	26462.6744
PWY-5121	superpathway of geranylgeranyl diphosphate biosynthesis II (via MEP)	33158.9767	33740.3903	32947.3322	34022.877	32898.4555	40024.8918
PWY-5154	L-arginine biosynthesis III (via N-acetyl-L-citrulline)	19750.9409	20828.7074	20819.2352	18708.833	19229.3394	31409.3114
PWY-5177	glutaryl-CoA degradation	1137.203	1405.4912	1019.7968	2024.9122	1254.4339	109.902
PWY-5178	toluene degradation IV (aerobic) (via catechol)	3066.0517	3187.8146	3689.0104	2529.685	1582.1983	5563.7053
PWY-5180	toluene degradation I (aerobic) (via o-cresol)	6482.7806	6910.7994	6197.2957	6543.3414	5609.3149	10852.0035
PWY-5181	toluene degradation III (aerobic) (via p-cresol)	3520.8112	3869.2067	3148.9222	3317.7468	2198.6825	5656.866
PWY-5182	toluene degradation II (aerobic) (via 4-methylcatechol)	6482.7806	6910.7994	6197.2957	6543.3414	5609.3149	10852.0035
PWY-5183	superpathway of aerobic toluene degradation	3250.9419	3453.5214	3455.9196	1914.8865	1616.1113	5571.6124
PWY-5188	tetrapyrrole biosynthesis I (from glutamate)	37352.0501	36632.3161	37567.1016	37390.6292	36278.2203	42450.5458
PWY-5189	tetrapyrrole biosynthesis II (from glycine)	35882.3953	35643.996	36016.5927	34681.6577	34744.221	40514.5001
PWY-5198	factor 420 biosynthesis	10378.8306	10872.7744	9748.8456	8802.6823	11614.3782	5788.6713
PWY-5265	peptidoglycan biosynthesis II (staphylococci)	7852.5934	11261.0431	11950.7527	9363.3647	4293.1396	8164.6293
PWY-5266	p-cymene degradation	0.0	0.0	0.0	0.0	5016.0959	0.0
PWY-5273	p-cumate degradation	0.0	0.0	0.0	0.0	5016.0959	0.0
PWY-5304	superpathway of sulfur oxidation (Acidianus ambivalens)	4967.67	5651.68	4172.83	5367.65	4615.77	4217.46
PWY-5345	superpathway of L-methionine biosynthesis (by sulfhydrylation)	29800.842999999997	29587.9472	31086.9518	29133.9308	27203.5034	35291.7345
PWY-5347	superpathway of L-methionine biosynthesis (transsulfuration)	29881.0137	29801.7095	30857.9372	28987.0549	27431.2418	37851.199
PWY-5384	sucrose degradation IV (sucrose phosphorylase)	5162.9283	4905.447	7507.8614	2094.9711	2954.4874	3636.7212
PWY-5392	reductive TCA cycle II	244.0049	323.7696	299.4776	424.2265	347.9842	150.1449
PWY-5415	catechol degradation I (meta-cleavage pathway)	6145.6715	6568.1393	5788.0245	6169.4725	5246.625	10062.5232
PWY-5417	catechol degradation III (ortho-cleavage pathway)	4290.4208	4778.8831	4815.564	3135.4573	2034.9465	8664.068000000001
PWY-5419	catechol degradation to 2-oxopent-4-enoate II	1011.0208	1090.8778	860.2507	1043.0667	1089.3016	3971.3902
PWY-5420	catechol degradation II (meta-cleavage pathway)	1581.6711	1701.1548	1358.8608	1622.9484	1652.1725	5217.3368
PWY-5430	meta cleavage pathway of aromatic compounds	1794.7834	1884.3589	1594.9403	1702.3235	1411.3245	4980.6099
PWY-5431	aromatic compounds degradation via &beta;-ketoadipate	4290.4208	4778.8831	4815.564	3135.4573	2034.9465	8664.068000000001
PWY-5484	glycolysis II (from fructose 6-phosphate)	35684.9128	34626.0898	35849.3367	37234.7934	34087.5656	40235.6835
PWY-5499	vitamin B6 degradation	10.6744	5.7203	2.6667	3.9130000000000003	8.2229	0.7258
PWY-5505	L-glutamate and L-glutamine biosynthesis	23768.1951	22027.682	24384.5214	28009.3548	24119.243	16831.5261
PWY-5507	adenosylcobalamin biosynthesis I (early cobalt insertion)	3300.6478	2345.1824	2699.847	3042.5227	3139.0784	3400.4946
PWY-5509	adenosylcobalamin biosynthesis from cobyrinate a,c-diamide I	17832.2008	18219.6549	18168.4935	15072.0975	15907.073	13263.0156
PWY-5529	superpathway of bacteriochlorophyll a biosynthesis	541.8649	630.2298	362.584	309.7653	470.5596	248.9537
PWY-5531	chlorophyllide a biosynthesis II (anaerobic)	583.9446	678.8968	399.2604	358.32	520.0114	334.4494
PWY-5532	adenosine nucleotides degradation IV	4634.6458	5090.8137	4289.7732	3318.9763	5445.3304	3174.5943
PWY-5647	2-nitrobenzoate degradation I	582.5923	459.9672	538.7543	334.4438	513.4934	2386.6251
PWY-5651	L-tryptophan degradation to 2-amino-3-carboxymuconate semialdehyde	2654.5824	1855.7415	4795.9602	2063.9544	2056.4921	5495.2677
PWY-5654	2-amino-3-carboxymuconate semialdehyde degradation to 2-oxopentenoate	535.5207	520.8989	452.9328	417.5929	580.3801	2307.3724
PWY-5655	L-tryptophan degradation IX	1178.0106	935.3058	1146.8429	710.6772	1021.2882	4021.0819
PWY-5656	mannosylglycerate biosynthesis I	1.9957	0.0	0.0	0.0	9.8213	0.0
PWY-5659	GDP-mannose biosynthesis	35670.9577	34431.4534	35110.0431	39805.1102	36049.9246	33590.1263
PWY-5667	CDP-diacylglycerol biosynthesis I	40505.8363	41082.7062	40578.054	40670.8142	38671.4189	47131.0777
PWY-5675	nitrate reduction V (assimilatory)	4.4999	0.0	0.0	0.0	0.0	0.0
PWY-5676	acetyl-CoA fermentation to butanoate II	4581.1127	4426.9232	4338.668	4512.4491	4114.1666	3805.9076
PWY-5677	succinate fermentation to butanoate	259.1892	338.4489	171.4144	90.7469	253.8471	258.8106
PWY-5686	UMP biosynthesis	42748.7229	43246.6164	43215.2568	42421.0229	42014.6025	46395.7109
PWY-5695	urate biosynthesis/inosine 5'-phosphate degradation	37973.1955	35894.7362	37796.7842	45409.6055	37929.5069	45600.1166
PWY-5705	allantoin degradation to glyoxylate III	2322.3283	2664.0292	1970.0134	2178.9876	2171.384	7205.0277
PWY-5741	ethylmalonyl-CoA pathway	5453.0784	4734.2339	4828.7403	4541.8863	4764.5447	2817.1203
PWY-5743	3-hydroxypropanoate cycle	51.5762	47.202	26.6778	55.3603	41.0763	92.3633
PWY-5744	glyoxylate assimilation	61.5673	56.6382	29.2705	58.9163	49.6723	109.5381
PWY-5747	2-methylcitrate cycle II	6017.1762	5881.6407	7464.2043	3899.5785	3079.9804	13780.0212
PWY-5757	fosfomycin biosynthesis	3.8062	0.0	0.0	0.0	0.0	0.0
PWY-5837	1,4-dihydroxy-2-naphthoate biosynthesis I	11108.5884	5929.9868	12844.962	17622.9742	9907.1364	14730.528999999999
PWY-5838	superpathway of menaquinol-8 biosynthesis I	16585.4665	11832.3918	17952.4057	23814.6232	15501.6895	21174.6037
PWY-5840	superpathway of menaquinol-7 biosynthesis	16484.3783	11783.2634	17857.6483	24006.1949	15405.788999999999	21562.6092
PWY-5845	superpathway of menaquinol-9 biosynthesis	5230.725	5175.2679	6528.0899	5401.3919	5042.4047	11796.4995
PWY-5850	superpathway of menaquinol-6 biosynthesis I	5230.725	5175.2679	6528.0899	5401.3919	5042.4047	11796.4995
PWY-5855	ubiquinol-7 biosynthesis (prokaryotic)	13507.5469	13663.2297	14920.4984	8220.7975	9082.6526	19418.2349
PWY-5856	ubiquinol-9 biosynthesis (prokaryotic)	13507.5469	13663.2297	14920.4984	8220.7975	9082.6526	19418.2349
PWY-5857	ubiquinol-10 biosynthesis (prokaryotic)	13507.5469	13663.2297	14920.4984	8220.7975	9082.6526	19418.2349
PWY-5860	superpathway of demethylmenaquinol-6 biosynthesis I	3710.1305	3671.6139	4696.8961	3807.7818	3580.1333	8811.3793
PWY-5861	superpathway of demethylmenaquinol-8 biosynthesis	13660.1203	9149.9365	14995.972	20876.6524	12721.7167	17490.8276
PWY-5862	superpathway of demethylmenaquinol-9 biosynthesis	3710.1305	3671.6139	4696.8961	3807.7818	3580.1333	8811.3793
PWY-5863	superpathway of phylloquinol biosynthesis	12058.75	6606.9292	13784.156	18638.8061	10860.1539	16082.965
PWY-5896	superpathway of menaquinol-10 biosynthesis	5230.725	5175.2679	6528.0899	5401.3919	5042.4047	11796.4995
PWY-5897	superpathway of menaquinol-11 biosynthesis	16102.0497	11176.9563	17524.9445	23642.106	14995.3982	20937.828
PWY-5898	superpathway of menaquinol-12 biosynthesis	16102.0497	11176.9563	17524.9445	23642.106	14995.3982	20937.828
PWY-5899	superpathway of menaquinol-13 biosynthesis	16102.0497	11176.9563	17524.9445	23642.106	14995.3982	20937.828
PWY-5910	superpathway of geranylgeranyldiphosphate biosynthesis I (via mevalonate)	1452.8411	1368.3209	1291.8768	3074.4637	2308.3534	2461.7476
PWY-5913	TCA cycle VI (obligate autotrophs)	27312.3996	27408.205	27710.6101	28265.1823	27284.6243	37717.5484
PWY-5918	superpathay of heme biosynthesis from glutamate	27669.0929	25389.5743	28803.8908	31465.8351	26034.8553	35900.4915
PWY-5920	superpathway of heme biosynthesis from glycine	18548.2932	18213.9876	20092.1853	16741.002	15797.6469	26317.9932
PWY-5941	glycogen degradation II (eukaryotic)	476.8071	428.6227	261.5648	322.5959	451.944	960.9438
PWY-5971	palmitate biosynthesis II (bacteria and plants)	16238.0997	14489.0669	17743.2701	5753.9818	8163.4282	19772.4832
PWY-5973	cis-vaccenate biosynthesis	35859.2018	37611.4639	37811.4026	30657.0597	33761.068999999996	40952.747
PWY-5989	stearate biosynthesis II (bacteria and plants)	18209.1714	17332.6584	22484.9069	11734.8981	11673.5992	32129.1867
PWY-6071	superpathway of phenylethylamine degradation	4257.3099	4217.5205	4125.2233	3522.8382	1898.4129999999998	6821.5801
PWY-6107	chlorosalicylate degradation	132.95600000000002	197.0942	82.6958	265.7682	162.717	1818.5121
PWY-6121	5-aminoimidazole ribonucleotide biosynthesis I	42040.5511	42190.564000000006	42460.0701	40496.7052	40986.1262	45400.8722
PWY-6122	5-aminoimidazole ribonucleotide biosynthesis II	41839.8398	41932.4779	41968.5587	40867.1131	41375.143	45690.1277
PWY-6123	inosine-5'-phosphate biosynthesis I	37232.712999999996	37504.0391	37523.6136	35959.913	36635.4105	39891.4093
PWY-6125	superpathway of guanosine nucleotides de novo biosynthesis II	38524.6392	39221.3097	38875.0999	38736.7135	37282.789	44581.9843
PWY-6126	superpathway of adenosine nucleotides de novo biosynthesis II	41364.5942	41401.0899	42074.2205	42227.0963	40398.3199	47071.7684
PWY-6141	archaetidylserine and archaetidylethanolamine biosynthesis	147.3121	72.7921	40.0037	24.3715	31.3797	12.2137
PWY-6147	6-hydroxymethyl-dihydropterin diphosphate biosynthesis I	34073.3857	32112.424	35215.8073	37193.3093	32448.672000000002	39809.8259
PWY-6148	tetrahydromethanopterin biosynthesis	5594.6721	6080.6921	5645.901999999999	3817.6281	6288.736	3615.264
PWY-6151	S-adenosyl-L-methionine cycle I	16128.7718	17881.5477	17008.1562	12608.412	13996.4244	32057.9287
PWY-6163	chorismate biosynthesis from 3-dehydroquinate	37491.252	37557.1255	37720.491	36943.3895	36425.3907	43980.9344
PWY-6165	chorismate biosynthesis II (archaea)	11040.6015	11949.4269	10568.2643	7190.2826	12407.3836	6995.1207
PWY-6167	flavin biosynthesis II (archaea)	623.0781	308.4112	257.414	319.7366	229.0659	96.4604
PWY-6174	mevalonate pathway II (archaea)	1044.4479	980.6163	925.7539	2185.9101	1697.9352	869.9421
PWY-6182	superpathway of salicylate degradation	4331.8169	4864.2263	4706.0483	3163.673	2185.0538	7855.6735
PWY-6185	4-methylcatechol degradation (ortho cleavage)	3909.8462	3918.2492	4073.4496	3081.4849	1730.1016	3812.9759
PWY-621	sucrose degradation III (sucrose invertase)	5162.9283	5726.724	7507.8614	8436.8485	5377.7016	15933.6568
PWY-6210	2-aminophenol degradation	179.4533	73.6074	133.7638	162.7087	207.4689	1911.2261
PWY-622	starch biosynthesis	107.0188	0.0	23.9615	151.7557	0.0	0.0
PWY-6263	superpathway of menaquinol-8 biosynthesis II	1204.5427	985.1082	1604.8189	1265.9244	1395.861	5915.334
PWY-6269	adenosylcobalamin salvage from cobinamide II	17797.823	18164.6651	18177.1094	15053.1812	15838.3199	13267.8692
PWY-6277	superpathway of 5-aminoimidazole ribonucleotide biosynthesis	41839.8398	41932.4779	41968.5587	40867.1131	41375.143	45690.1277
PWY-6282	palmitoleate biosynthesis I (from (5Z)-dodec-5-enoate)	17596.1994	16902.2829	21616.9343	11338.5652	11388.5386	30074.9807
PWY-6317	galactose degradation I (Leloir pathway)	19031.4102	18928.6666	18675.5982	21984.0811	19754.3632	21388.4888
PWY-6338	superpathway of vanillin and vanillate degradation	318.6706	425.2972	279.4734	252.7067	371.0433	837.6435
PWY-6339	syringate degradation	2081.4023	3063.1117	2875.3975	498.4885	859.8226	1929.6226
PWY-6349	CDP-archaeol biosynthesis	4344.0856	4713.5885	4082.2359	2939.5887	5143.0156	2582.7952
PWY-6350	archaetidylinositol biosynthesis	4336.8202	4712.8043	4080.6202	3022.6521	5181.0849	2552.3668
PWY-6353	purine nucleotides degradation II (aerobic)	30145.9117	29947.3048	29366.9077	31713.0642	27791.5039	36850.4912
PWY-6383	mono-trans, poly-cis decaprenyl phosphate biosynthesis	11106.0507	12423.6735	9558.2663	11420.7114	10566.7111	17929.2839
PWY-6385	peptidoglycan biosynthesis III (mycobacteria)	33181.965	33296.4625	33204.348	34820.2492	32114.6964	37995.0526
PWY-6386	UDP-N-acetylmuramoyl-pentapeptide biosynthesis II (lysine-containing)	33578.9219	33477.7398	33675.2347	35540.5488	32487.8588	38405.4423
PWY-6387	UDP-N-acetylmuramoyl-pentapeptide biosynthesis I (meso-diaminopimelate containing)	34501.5813	33762.5061	35113.88	37503.4944	33230.3758	38758.0715
PWY-6396	superpathway of 2,3-butanediol biosynthesis	5101.6449	3062.4059	5485.0305	6220.6995	4867.6874	5596.8444
PWY-6397	mycolyl-arabinogalactan-peptidoglycan complex biosynthesis	2488.6558	2515.6312	2141.5923	2693.8875	2575.3542	2378.4668
PWY-6404	superpathway of mycolyl-arabinogalactan-peptidoglycan complex biosynthesis	7288.1302	7475.9691	6375.1491	7865.6345	7518.7478	6500.5065
PWY-6467	Kdo transfer to lipid IVA III (Chlamydia)	16916.82	18122.21	16957.1	13009.57	16122.79	15643.11
PWY-6470	peptidoglycan biosynthesis V (&beta;-lactam resistance)	2487.9837	4639.2852	6782.9501	3573.9775	1131.6125	19754.3289
PWY-6471	peptidoglycan biosynthesis IV (Enterococcus faecium)	18296.3053	18802.2396	18459.0019	19147.9578	15406.0232	31892.1216
PWY-6478	GDP-D-glycero-&alpha;-D-manno-heptose biosynthesis	4508.7219	949.1419999999999	5173.2079	7510.5727	4043.6559	1354.7615
PWY-6505	L-tryptophan degradation XII (Geobacillus)	480.4845	204.378	374.6809	391.3122	509.6934	3735.5396
PWY-6507	4-deoxy-L-threo-hex-4-enopyranuronate degradation	4366.2929	5492.7432	5391.4638	4487.1788	5028.0817	6148.9257
PWY-6519	8-amino-7-oxononanoate biosynthesis I	12723.6351	12166.0385	16025.8251	7298.1772	6322.5485	19991.8609
PWY-6545	pyrimidine deoxyribonucleotides de novo biosynthesis III	22490.1686	22849.697	21455.0807	21960.0597	22719.9878	16331.5618
PWY-6562	norspermidine biosynthesis	3588.7733	3782.5449	3646.2215	3753.5213	2224.8539	7379.7838
PWY-6572	chondroitin sulfate degradation I (bacterial)	9.0369	18.461	28.8984	5.3044	5.7036	0.0
PWY-6581	spirilloxanthin and 2,2'-diketo-spirilloxanthin biosynthesis	160.4501	189.5611	111.829	95.4992	141.2154	72.1875
PWY-6588	pyruvate fermentation to acetone	6477.8868	2880.9202	6981.9362	12345.0684	6112.4214	2305.8212
PWY-6590	superpathway of Clostridium acetobutylicum acidogenic fermentation	13285.4901	13626.5836	12782.2409	15457.8824	13857.2323	9079.7454
PWY-6608	guanosine nucleotides degradation III	28009.9622	29232.1594	27271.2582	27443.087000000003	26151.8752	35232.1215
PWY-6609	adenine and adenosine salvage III	31499.9798	29554.8558	31213.7973	38603.9794	32058.7136	31103.5922
PWY-6612	superpathway of tetrahydrofolate biosynthesis	28813.0037	29900.1059	29057.2263	27629.175	27368.2147	39148.9407
PWY-6628	superpathway of L-phenylalanine biosynthesis	24495.3679	24704.2253	26848.0578	19055.2009	18265.1539	33377.4121
PWY-6629	superpathway of L-tryptophan biosynthesis	27.9407	20.0302	17.1528	0.0	2.3999	463.5267
PWY-6630	superpathway of L-tyrosine biosynthesis	24185.7188	24441.6458	26475.7015	18809.3445	18126.0876	31828.2725
PWY-6641	superpathway of sulfolactate degradation	5574.721	1490.9449	6143.9174	7494.3177	5181.5289	1532.9397
PWY-6654	phosphopantothenate biosynthesis III	7012.4407	7646.2769	6689.3084	4933.5742	8127.4964	4283.424
PWY-6690	cinnamate and 3-hydroxycinnamate degradation to 2-oxopent-4-enoate	3216.5240000000003	3343.1198	2892.8912	3426.8031	2553.9378	3825.2358
PWY-6700	queuosine biosynthesis	23222.4091	21859.8469	24932.5372	24625.2146	21990.0505	24833.3348
PWY-6703	preQ0 biosynthesis	20334.6233	21691.7674	21230.2844	16137.0291	20172.3146	24044.2166
PWY-6708	ubiquinol-8 biosynthesis (prokaryotic)	13507.5469	13663.2297	14920.4984	8220.7975	9082.6526	19418.2349
PWY-6713	L-rhamnose degradation II	4.5975	2.8797	3.0935	0.0	0.4752	15.6768
PWY-6728	methylaspartate cycle	779.9075	774.3174	817.135	467.2288	614.8642	1524.5375
PWY-6731	starch degradation III	22.4588	74.5214	79.6312	32.2942	2.4991	856.602
PWY-6737	starch degradation V	24152.2867	25157.2	21632.6894	23128.4877	25466.8535	13006.8239
PWY-6749	CMP-legionaminate biosynthesis I	139.7162	63.94	61.9449	57.9532	69.9248	99.8705
PWY-6830	superpathway of methanogenesis	56.9189	95.8958	37.7371	107.7518	90.8147	8.5693
PWY-6876	isopropanol biosynthesis	6477.8868	2338.4947	6981.9362	12345.0684	6112.4214	2305.8212
PWY-6891	thiazole biosynthesis II (Bacillus)	2855.1684	2591.0078	3091.2556	3925.3401	2697.7861	2370.4679
PWY-6892	thiazole biosynthesis I (E. coli)	14962.8608	15286.4542	15115.2594	14354.0682	15695.7507	7028.8108
PWY-6895	superpathway of thiamin diphosphate biosynthesis II	10051.1134	9544.6706	10577.5626	11761.2544	9632.3173	9345.4367
PWY-6897	thiamin salvage II	27039.2933	29031.4754	26856.3874	23608.6314	26688.4239	35313.5449
PWY-6901	superpathway of glucose and xylose degradation	19089.0636	18319.2955	19778.3582	19273.1786	16373.1237	20638.034
PWY-6906	chitin derivatives degradation	2.498	2.4979	4.9935	7.468	17.354	84.9721
PWY-6915	pentalenolactone biosynthesis	0.0	0.0	0.0	0.0	0.0	8.6913
PWY-6919	neopentalenoketolactone and pentalenate biosynthesis	0.0	0.0	0.0	0.0	0.0	13.356
PWY-6944	androstenedione degradation	1550.7289	1743.1019	1478.3799	752.9441	1594.2906	1703.3063
PWY-6948	sitosterol degradation to androstenedione	1964.3342	2202.6278	1701.3938	2298.0288	2055.1911	1774.8354
PWY-6957	mandelate degradation to acetyl-CoA	441.286	517.9753	248.7361	286.1428	319.5925	167.4788
PWY-6969	TCA cycle V (2-oxoglutarate:ferredoxin oxidoreductase)	41198.248	40825.3971	41725.2844	42797.0334	38573.4691	49357.3931
PWY-6992	1,5-anhydrofructose degradation	625.6759	518.7685	438.61699999999996	282.1852	308.0556	566.9113
PWY-7002	4-hydroxyacetophenone degradation	0.0	0.0	0.0	0.0	0.0	6.9754
PWY-7003	glycerol degradation to butanol	5653.639	4935.8484	5381.488	6361.1436	4881.5761	2699.4771
PWY-7007	methyl ketone biosynthesis	11286.0232	12336.1017	9541.2726	10278.3317	9908.4014	20173.1828
PWY-7013	L-1,2-propanediol degradation	6451.7008	7272.8127	5350.2006	7023.8008	6566.7462	5098.7271
PWY-7024	superpathway of the 3-hydroxypropanoate cycle	74.5604	68.2425	38.6695	79.9179	59.4128	132.2422
PWY-7046	4-coumarate degradation (anaerobic)	9.8577	15.5917	17.2351	19.253	9.8478	75.0604
PWY-7084	nitrifier denitrification	19.852	11.946	3.9931	20.8023	76.7287	306.368
PWY-7090	UDP-2,3-diacetamido-2,3-dideoxy-&alpha;-D-mannuronate biosynthesis	3024.0299	2928.7185	2936.0059	3510.5593	3607.5671	892.467
PWY-7094	fatty acid salvage	35431.1341	34787.0032	38162.3565	33885.1936	28323.0206	52298.7313
PWY-7097	vanillin and vanillate degradation I	318.6706	425.2972	279.4734	252.7067	371.0433	837.6435
PWY-7098	vanillin and vanillate degradation II	355.2933	472.7688	311.7055	281.8736	410.3615	923.8191
PWY-7111	pyruvate fermentation to isobutanol (engineered)	58077.3723	58380.0441	57149.4645	57816.3588	54755.8171	69792.3467
PWY-7159	chlorophyllide a biosynthesis III (aerobic, light independent)	583.9446	678.8968	399.2604	358.32	520.0114	334.4494
PWY-7184	pyrimidine deoxyribonucleotides de novo biosynthesis I	33477.6833	33807.2603	34504.0231	33501.1061	31753.1391	41828.2007
PWY-7187	pyrimidine deoxyribonucleotides de novo biosynthesis II	25618.0864	25724.5976	25687.6497	25686.2911	24996.5008	21893.3875
PWY-7196	superpathway of pyrimidine ribonucleosides salvage	31572.2101	31913.3674	32245.2732	34910.5755	31892.4628	36557.1848
PWY-7197	pyrimidine deoxyribonucleotide phosphorylation	33144.6921	33060.1252	33381.7426	34349.4503	32568.7548	39943.843
PWY-7198	pyrimidine deoxyribonucleotides de novo biosynthesis IV	10819.6355	11665.2454	10455.6673	7853.2041	12194.3953	7172.3587
PWY-7199	pyrimidine deoxyribonucleosides salvage	22934.4075	22722.0661	23419.5851	26007.9956	22762.0417	28455.2967
PWY-7200	superpathway of pyrimidine deoxyribonucleoside salvage	27004.7718	26648.9442	27695.8657	29328.2137	26508.6979	32990.7913
PWY-7208	superpathway of pyrimidine nucleobases salvage	45181.5552	45681.5615	45586.574	46080.8933	44580.3322	49875.8673
PWY-7210	pyrimidine deoxyribonucleotides biosynthesis from CTP	14090.2089	14954.7853	13669.2976	10583.7567	15706.5467	9678.2122
PWY-7211	superpathway of pyrimidine deoxyribonucleotides de novo biosynthesis	32160.5695	32637.5268	33178.3454	30858.015	29937.5403	42303.1765
PWY-7219	adenosine ribonucleotides de novo biosynthesis	44285.2231	44635.3138	44640.69	44365.96400000001	43730.8479	47427.3819
PWY-722	nicotinate degradation I	140.5779	210.7986	223.8777	210.4156	87.27	123.6552
PWY-7220	adenosine deoxyribonucleotides de novo biosynthesis II	38081.5778	37818.0144	39172.8804	39779.9061	36681.4158	47056.1815
PWY-7221	guanosine ribonucleotides de novo biosynthesis	39827.8756	40679.1449	40061.6693	40557.2696	38599.7536	44173.1798
PWY-7222	guanosine deoxyribonucleotides de novo biosynthesis II	38081.5778	37818.0144	39172.8804	39779.9061	36681.4158	47056.1815
PWY-7228	superpathway of guanosine nucleotides de novo biosynthesis I	40614.3835	40783.5529	41254.452000000005	41798.9972	39201.3972	46822.7381
PWY-7229	superpathway of adenosine nucleotides de novo biosynthesis I	43558.0082	43566.2153	44319.087	44354.5778	42578.1303	48961.3267
PWY-7234	inosine-5'-phosphate biosynthesis III	29198.1805	28460.0483	30458.615	29621.0466	26029.5295	38287.0669
PWY-7237	myo-, chiro- and scillo-inositol degradation	13152.78	13873.84	10312.72	11089.6	11524.11	18768.39
PWY-7242	D-fructuronate degradation	8542.0365	9610.6798	7896.2337	8087.2776	8240.3597	6435.7078
PWY-7254	TCA cycle VII (acetate-producers)	15304.9715	16557.6209	19876.1697	11819.8603	8942.3793	36229.4314
PWY-7255	ergothioneine biosynthesis I (bacteria)	3446.2939	3904.3358	3099.277	3817.0115	3273.4724	5707.4994
PWY-7286	7-(3-amino-3-carboxypropyl)-wyosine biosynthesis	5272.0328	5768.7641	4981.4348	3597.6625	6227.7027	3034.4557
PWY-7295	L-arabinose degradation IV	123.7236	75.5599	85.4131	16.98	60.6581	523.2662
PWY-7315	dTDP-N-acetylthomosamine biosynthesis	6167.0267	1729.1108	7540.3276	11105.8106	4744.8851	2598.6698
PWY-7323	superpathway of GDP-mannose-derived O-antigen building blocks biosynthesis	28217.6452	27370.4235	27146.0787	31266.2981	30083.1635	20734.8738
PWY-7328	superpathway of UDP-glucose-derived O-antigen building blocks biosynthesis	9907.1945	10169.2075	10317.1601	8662.985	9612.6334	10430.7996
PWY-7332	superpathway of UDP-N-acetylglucosamine-derived O-antigen building blocks biosynthesis	11179.5737	12812.1269	10757.0142	11869.5428	13666.1342	10093.8757
PWY-7347	sucrose biosynthesis III	20.2351	0.0	11.9962	423.9556	134.8914	1953.8094
PWY-7371	1,4-dihydroxy-6-naphthoate biosynthesis II	433.2898	357.3988	580.5221	442.0695	506.4245	2255.6679
PWY-7373	superpathway of demethylmenaquinol-6 biosynthesis II	0.0	0.0	0.0	105.1628	46.5528	851.6099
PWY-7374	1,4-dihydroxy-6-naphthoate biosynthesis I	520.842	430.9899	685.3159	531.2996	599.6569999999999	2229.2113
PWY-7376	cob(II)yrinate a,c-diamide biosynthesis II (late cobalt incorporation)	14995.5109	16256.1604	13798.4098	12199.0569	13725.4489	8970.0293
PWY-7377	cob(II)yrinate a,c-diamide biosynthesis I (early cobalt insertion)	11835.755	12616.538	11243.9666	9428.9411	12285.4438	6625.6299
PWY-7385	1,3-propanediol biosynthesis (engineered)	0.0	0.0	5.754	9.9339	0.0	91.8844
PWY-7391	isoprene biosynthesis II (engineered)	782.9801	640.8263	708.883	412.8249	363.9542	820.664
PWY-7392	taxadiene biosynthesis (engineered)	28213.4578	29204.9624	27321.5566	29149.1033	28274.106	34774.0289
PWY-7400	L-arginine biosynthesis IV (archaebacteria)	34793.6728	35162.4224	34520.9213	35318.3894	34649.0559	36262.1573
PWY-7431	aromatic biogenic amine degradation (bacteria)	12483.3698	7590.5223	12862.0139	20848.4365	12046.0213	11844.892
PWY-7446	sulfoglycolysis	0.0	0.0	2.1876	1.1305	0.3996	73.8102
PWY-7456	mannan degradation	1492.8301	1807.5078	1377.2147	2342.1622	1809.2672	778.9779
PWY-7527	L-methionine salvage cycle III	464.5964	721.8909	871.2156	2363.1425	661.409	6189.3285
PWY-7539	6-hydroxymethyl-dihydropterin diphosphate biosynthesis III (Chlamydia)	36060.9694	33899.5337	37588.3428	38345.1032	33802.045	43029.754
PWY-7560	methylerythritol phosphate pathway II	33103.5535	32721.956000000002	33661.2249	34423.0748	32091.3111	36930.489
PWY-7616	methanol oxidation to carbon dioxide	1222.6254	1475.5762	1241.4405	2619.9748	1718.7657	14585.9118
PWY-7644	heparin degradation	3.2386	0.0	0.0	0.0	1.6923	7.2711
PWY-7663	gondoate biosynthesis (anaerobic)	37508.1193	39336.3268	40042.0892	31642.7451	34828.0941	40935.3658
PWY-7664	oleate biosynthesis IV (anaerobic)	18863.8163	18250.3482	22906.796000000002	12367.3492	12514.9937	30867.3368
PWY-841	superpathway of purine nucleotides de novo biosynthesis I	40386.0867	40732.8784	40846.3	40057.3768	39381.5354	44988.3118
PWY-922	mevalonate pathway I	1030.0081	968.4604	915.0111	2211.9398	1647.5036	1747.8416
PWY0-1061	superpathway of L-alanine biosynthesis	26180.9937	23542.6664	27740.0761	28565.3239	20868.732	42100.8419
PWY0-1241	ADP-L-glycero-&beta;-D-manno-heptose biosynthesis	3520.5515	3518.0401	3435.8167	3849.6696	3519.7044	1966.8884
PWY0-1261	anhydromuropeptides recycling	26747.5083	28212.7202	27994.7072	26140.1824	25070.1674	31120.2365
PWY0-1277	3-phenylpropanoate and 3-(3-hydroxyphenyl)propanoate degradation	5126.9162	5353.307	4721.2041	5194.0702	4182.6985	6712.5526
PWY0-1296	purine ribonucleosides degradation	15289.8971	15462.9964	15687.1798	16457.3016	15206.1117	17882.7654
PWY0-1297	superpathway of purine deoxyribonucleosides degradation	17301.1582	17196.1985	16455.384	19304.7716	16259.6063	17086.03
PWY0-1298	superpathway of pyrimidine deoxyribonucleosides degradation	14058.714	13933.2746	13698.0315	16213.1382	13767.691	13326.7258
PWY0-1319	CDP-diacylglycerol biosynthesis II	40505.8363	41082.7062	40578.054	40670.8142	38671.4189	47131.0777
PWY0-1338	polymyxin resistance	293.0938	306.0777	429.4114	46.5189	19.8416	74.3238
PWY0-1415	superpathway of heme biosynthesis from uroporphyrinogen-III	16182.3481	15924.8355	17775.7492	14350.058	13509.6479	24031.451
PWY0-1479	tRNA processing	13725.781	15269.3344	15330.8615	8611.7715	8936.4314	7406.1755
PWY0-1533	methylphosphonate degradation I	4051.3943	4855.0599	3269.9957	3385.3942	4001.8248	3903.0246
PWY0-1586	peptidoglycan maturation (meso-diaminopimelate containing)	28354.2365	26200.5642	29641.2211	31257.9215	25309.78	43395.0844
PWY0-162	superpathway of pyrimidine ribonucleotides de novo biosynthesis	41252.1624	41737.8119	41717.7978	41303.9449	40484.9745	46245.1879
PWY0-166	superpathway of pyrimidine deoxyribonucleotides de novo biosynthesis (E. coli)	32408.3777	32527.1383	33137.6645	32386.7584	30936.5187	39445.5836
PWY0-321	phenylacetate degradation I (aerobic)	5374.2481	5294.4643	5336.4103	4331.695	2648.6834	6286.2332
PWY0-41	allantoin degradation IV (anaerobic)	80.0755	117.8199	153.5047	156.2657	72.5247	1333.0692
PWY0-42	2-methylcitrate cycle I	5344.6209	4900.6677	6659.2526	3795.3007	3086.4849	14076.6397
PWY0-781	aspartate superpathway	30351.3412	30529.2064	30586.097	30123.0559	28612.4238	37621.7634
PWY0-845	superpathway of pyridoxal 5'-phosphate biosynthesis and salvage	13344.1115	13953.5346	14290.9831	12027.6421	11332.5457	20040.6891
PWY0-862	(5Z)-dodec-5-enoate biosynthesis	16914.2042	16322.7455	20706.1296	10906.8645	11071.5382	28451.0411
PWY1G-0	mycothiol biosynthesis	11310.4914	9839.8858	10740.1019	14969.5651	10325.929	14524.3387
PWY490-3	nitrate reduction VI (assimilatory)	1684.7904	1568.7996	1422.6352	2903.6052	1834.9587	1536.944
PWY4FS-7	phosphatidylglycerol biosynthesis I (plastidic)	39166.1032	40072.9595	39755.1351	38242.9134	37092.7792	43877.7451
PWY4FS-8	phosphatidylglycerol biosynthesis II (non-plastidic)	39166.1032	40072.9595	39755.1351	38242.9134	37092.7792	43877.7451
PWY5F9-12	biphenyl degradation	0.0	4.0634	4.8	3.84	3.5556	27.6286
PWYG-321	mycolate biosynthesis	19710.6343	19059.4866	23948.3116	12911.9202	13052.4382	32645.0452
PYRIDNUCSAL-PWY	NAD salvage pathway I	25047.6656	25081.8886	25617.9124	25387.4125	23622.754	27014.4316
PYRIDNUCSYN-PWY	NAD biosynthesis I (from aspartate)	30783.1555	30522.9816	30564.7376	30795.6109	30589.0903	30167.7996
PYRIDOXSYN-PWY	pyridoxal 5'-phosphate biosynthesis I	13263.9561	13551.2136	13644.846000000001	11616.5127	10932.6811	17197.9873
REDCITCYC	TCA cycle VIII (helicobacter)	40790.6499	41698.2831	42220.3393	40141.4616	35204.2371	47289.07
RHAMCAT-PWY	L-rhamnose degradation I	4038.864	4455.2196	3718.6296	4460.0285	4890.5498	9857.3466
RIBOSYN2-PWY	flavin biosynthesis I (bacteria and plants)	35594.0636	35400.7593	36080.2722	36573.9654	34515.7041	40059.1797
RUMP-PWY	formaldehyde oxidation I	15061.891000000001	15571.4297	14285.6526	13326.3114	16649.0157	18604.0575
SALVADEHYPOX-PWY	adenosine nucleotides degradation II	26694.4025	28298.7188	25863.8276	26503.0738	24706.9602	36421.6469
SER-GLYSYN-PWY	superpathway of L-serine and glycine biosynthesis I	43757.4047	44467.1513	43404.6491	43887.0146	43083.5109	53000.2247
SO4ASSIM-PWY	sulfate reduction I (assimilatory)	24713.4708	25371.2667	27307.6348	25750.3983	23012.6952	30018.136000000002
SUCSYN-PWY	sucrose biosynthesis I (from photosynthesis)	67.2584	0.0	39.9343	1262.1399	436.9581	4831.207
SULFATE-CYS-PWY	superpathway of sulfate assimilation and cysteine biosynthesis	30710.2633	31335.589	32417.3763	31527.0255	28663.8538	37153.6757
TCA	TCA cycle I (prokaryotic)	40275.162000000004	39941.6901	40955.5637	41790.5924	37415.4345	52190.6889
TCA-GLYOX-BYPASS	superpathway of glyoxylate bypass and TCA	19572.1112	20423.4556	21837.2089	18673.1888	15097.4267	42604.7144
TEICHOICACID-PWY	teichoic acid (poly-glycerol) biosynthesis	956.0506	1217.2809	1059.8497	2088.5687	1209.3551	12886.9682
THISYN-PWY	superpathway of thiamin diphosphate biosynthesis I	23359.3093	24591.8084	23216.5232	20830.1753	23571.2192	19574.4966
THREOCAT-PWY	superpathway of L-threonine metabolism	15.0835	10.7968	22.1532	7.3993	1.2995	424.1112
THRESYN-PWY	superpathway of L-threonine biosynthesis	41054.6694	41686.992999999995	41114.2967	39897.1233	41119.1089	41533.3875
TRNA-CHARGING-PWY	tRNA charging	34945.7288	35419.8684	35651.7622	33412.2202	34454.3661	36166.1689
TRPSYN-PWY	L-tryptophan biosynthesis	36929.522000000004	37345.3417	37794.295	36586.671	36062.2455	45917.0386
TYRFUMCAT-PWY	L-tyrosine degradation I	8031.0602	8274.9265	9435.4528	5515.5674	5226.8314	10188.3951
UBISYN-PWY	superpathway of ubiquinol-8 biosynthesis (prokaryotic)	13444.6126	13498.2899	15013.6197	8234.1298	8908.3293	16496.3988
UDPNAGSYN-PWY	UDP-N-acetyl-D-glucosamine biosynthesis I	34548.685	35735.4199	34237.8699	33646.4668	33695.5465	39455.9954
VALDEG-PWY	L-valine degradation I	170.4427	162.4651	92.838	67.9286	128.6334	157.6977
VALSYN-PWY	L-valine biosynthesis	54048.7575	53819.4061	53290.7266	54970.0517	52151.0561	59729.1319
