"peak_number","name.x","formula","calc_mw","m_z","day","height","location","mean","std","n","se","name.y","class"
1509,"3e 3 3 oxo 1 3 dihydro 2h indol 2 ylidene 1 3 dihydro 2h indol 2 one","C16 H10 N2 O2",262.07435,263.08161,"01","bottom","half",2680179.84395501,135079.566816954,2,95515.6776960099,NA,"unknown"
1509,"3e 3 3 oxo 1 3 dihydro 2h indol 2 ylidene 1 3 dihydro 2h indol 2 one","C16 H10 N2 O2",262.07435,263.08161,"01","middle","half",1064649.46804457,22567.2625189266,2,15957.46435995,NA,"unknown"
1510,"3e 3 3 oxo 1 3 dihydro 2h indol 2 ylidene 1 3 dihydro 2h indol 2 one","C16 H10 N2 O2",262.07434,263.08162,"01","bottom","half",1000572.72834048,93324.0009847659,2,65990.033943788,NA,"unknown"
1510,"3e 3 3 oxo 1 3 dihydro 2h indol 2 ylidene 1 3 dihydro 2h indol 2 one","C16 H10 N2 O2",262.07434,263.08162,"01","bottom","quarter",1723174.31300399,10479.9616717719,2,7410.45196468499,NA,"unknown"
1510,"3e 3 3 oxo 1 3 dihydro 2h indol 2 ylidene 1 3 dihydro 2h indol 2 one","C16 H10 N2 O2",262.07434,263.08162,"01","middle","half",387931.765725109,12780.2223154651,2,9036.98186433702,NA,"unknown"
1510,"3e 3 3 oxo 1 3 dihydro 2h indol 2 ylidene 1 3 dihydro 2h indol 2 one","C16 H10 N2 O2",262.07434,263.08162,"01","top","quarter",323393.859701833,1787.44064966982,2,1263.91140435002,NA,"unknown"
1510,"3e 3 3 oxo 1 3 dihydro 2h indol 2 ylidene 1 3 dihydro 2h indol 2 one","C16 H10 N2 O2",262.07434,263.08162,"29","middle","half",649162.863289789,6594.06517798604,2,4662.70820294,NA,"unknown"
1512,"3e 3 3 oxo 1 3 dihydro 2h indol 2 ylidene 1 3 dihydro 2h indol 2 one","C16 H10 N2 O2",262.07434,263.08162,"01","bottom","quarter",723129.940028328,97011.4411396286,2,68597.447882511,NA,"unknown"
1512,"3e 3 3 oxo 1 3 dihydro 2h indol 2 ylidene 1 3 dihydro 2h indol 2 one","C16 H10 N2 O2",262.07434,263.08162,"01","middle","quarter",488100.089263182,22746.5357626399,2,16084.229686265,NA,"unknown"
1512,"3e 3 3 oxo 1 3 dihydro 2h indol 2 ylidene 1 3 dihydro 2h indol 2 one","C16 H10 N2 O2",262.07434,263.08162,"01","top","half",840348.031254113,40369.8468655537,2,28545.7924740955,NA,"unknown"
1512,"3e 3 3 oxo 1 3 dihydro 2h indol 2 ylidene 1 3 dihydro 2h indol 2 one","C16 H10 N2 O2",262.07434,263.08162,"01","top","quarter",534006.559193457,1399.81852970572,2,989.821174785495,NA,"unknown"
1512,"3e 3 3 oxo 1 3 dihydro 2h indol 2 ylidene 1 3 dihydro 2h indol 2 one","C16 H10 N2 O2",262.07434,263.08162,"04","bottom","half",770471.847257835,19574.5052848247,2,13841.2654252715,NA,"unknown"
1512,"3e 3 3 oxo 1 3 dihydro 2h indol 2 ylidene 1 3 dihydro 2h indol 2 one","C16 H10 N2 O2",262.07434,263.08162,"08","bottom","half",621287.604214679,5740.83715204903,2,4059.38487990154,NA,"unknown"
1512,"3e 3 3 oxo 1 3 dihydro 2h indol 2 ylidene 1 3 dihydro 2h indol 2 one","C16 H10 N2 O2",262.07434,263.08162,"15","bottom","half",731796.76788404,128689.853940398,2,90997.4683911615,NA,"unknown"
1512,"3e 3 3 oxo 1 3 dihydro 2h indol 2 ylidene 1 3 dihydro 2h indol 2 one","C16 H10 N2 O2",262.07434,263.08162,"18","bottom","half",565111.072565123,97818.1368572072,2,69167.867894765,NA,"unknown"
1512,"3e 3 3 oxo 1 3 dihydro 2h indol 2 ylidene 1 3 dihydro 2h indol 2 one","C16 H10 N2 O2",262.07434,263.08162,"25","bottom","half",646976.680926372,92227.4720403257,2,65214.670891407,NA,"unknown"
1512,"3e 3 3 oxo 1 3 dihydro 2h indol 2 ylidene 1 3 dihydro 2h indol 2 one","C16 H10 N2 O2",262.07434,263.08162,"29","bottom","quarter",628483.677342906,49505.4391103016,2,35005.631700512,NA,"unknown"
1512,"3e 3 3 oxo 1 3 dihydro 2h indol 2 ylidene 1 3 dihydro 2h indol 2 one","C16 H10 N2 O2",262.07434,263.08162,"29","middle","half",556786.735051181,126238.009217824,2,89263.752361413,NA,"unknown"
1512,"3e 3 3 oxo 1 3 dihydro 2h indol 2 ylidene 1 3 dihydro 2h indol 2 one","C16 H10 N2 O2",262.07434,263.08162,"29","top","half",559479.165784949,20867.7616036717,2,14755.7357381405,NA,"unknown"
1514,"3e 3 3 oxo 1 3 dihydro 2h indol 2 ylidene 1 3 dihydro 2h indol 2 one","C16 H10 N2 O2",262.07431,263.08159,"01","middle","half",199811.425118902,1604.15229975322,2,1134.3069692115,NA,"unknown"
1514,"3e 3 3 oxo 1 3 dihydro 2h indol 2 ylidene 1 3 dihydro 2h indol 2 one","C16 H10 N2 O2",262.07431,263.08159,"08","bottom","half",179074.828056047,23436.3057919798,2,16571.9707514705,NA,"unknown"
3859,"1 deoxymannojirimycin","C6 H13 N O4",163.08448,164.09175,"01","top","half",181922.933655581,35219.1771599719,2,24903.7189976265,NA,"unknown"
3859,"1 deoxymannojirimycin","C6 H13 N O4",163.08448,164.09175,"04","bottom","half",156837.747509493,27617.0548431639,2,19528.206756002,NA,"unknown"
3859,"1 deoxymannojirimycin","C6 H13 N O4",163.08448,164.09175,"11","bottom","half",254278.92481409,63166.2433770593,2,44665.2790339985,NA,"unknown"
3859,"1 deoxymannojirimycin","C6 H13 N O4",163.08448,164.09175,"22","bottom","half",1009715.15876654,37676.125907515,2,26641.044118042,NA,"unknown"
3859,"1 deoxymannojirimycin","C6 H13 N O4",163.08448,164.09175,"29","bottom","quarter",295569.632559542,16848.5685976012,2,11913.7371086505,NA,"unknown"
3859,"1 deoxymannojirimycin","C6 H13 N O4",163.08448,164.09175,"29","middle","half",1059180.73181984,227894.574507447,2,161145.799029839,NA,"unknown"
3859,"1 deoxymannojirimycin","C6 H13 N O4",163.08448,164.09175,"29","top","quarter",308686.568986128,41428.1949667658,2,29294.1575933185,NA,"unknown"
6528,"2 4 6 2 4 diamino 6 oxo 1 3 diazinan 5 yl 1 1 1 trifluoro 2 2 dihydroxyhexan 3 yl phenyl formamido pentanedioic acid","C22 H30 F3 N5 O8",549.207,550.21431,"18","bottom","half",128054.630504945,1713.78393280859,2,1211.8282403775,NA,"unknown"
6528,"2 4 6 2 4 diamino 6 oxo 1 3 diazinan 5 yl 1 1 1 trifluoro 2 2 dihydroxyhexan 3 yl phenyl formamido pentanedioic acid","C22 H30 F3 N5 O8",549.207,550.21431,"22","bottom","half",240296.121337468,22065.9249151574,2,15602.965140661,NA,"unknown"
6528,"2 4 6 2 4 diamino 6 oxo 1 3 diazinan 5 yl 1 1 1 trifluoro 2 2 dihydroxyhexan 3 yl phenyl formamido pentanedioic acid","C22 H30 F3 N5 O8",549.207,550.21431,"29","bottom","half",367023.1404861,22419.4659070625,2,15852.9563734645,NA,"unknown"
6528,"2 4 6 2 4 diamino 6 oxo 1 3 diazinan 5 yl 1 1 1 trifluoro 2 2 dihydroxyhexan 3 yl phenyl formamido pentanedioic acid","C22 H30 F3 N5 O8",549.207,550.21431,"29","middle","half",830997.050126764,10914.958834628,2,7718.04140833748,NA,"unknown"
6528,"2 4 6 2 4 diamino 6 oxo 1 3 diazinan 5 yl 1 1 1 trifluoro 2 2 dihydroxyhexan 3 yl phenyl formamido pentanedioic acid","C22 H30 F3 N5 O8",549.207,550.21431,"29","top","half",916094.208591013,41119.4626230975,2,29075.850859539,NA,"unknown"
6528,"2 4 6 2 4 diamino 6 oxo 1 3 diazinan 5 yl 1 1 1 trifluoro 2 2 dihydroxyhexan 3 yl phenyl formamido pentanedioic acid","C22 H30 F3 N5 O8",549.207,550.21431,"29","top","quarter",957762.800662761,49890.2920405342,2,35277.763817239,NA,"unknown"
9239,"3 4 methoxy 2 methylphenyl 2 5 dimethyl n 1 3 methyl 1 2 4 oxadiazol 5 yl propyl pyrazolo 1 5 a pyrimidin 7 amine","C22 H26 N6 O2",406.21206,407.21934,"01","middle","half",2266001.76594308,118725.05965815,2,83951.2947810551,NA,"unknown"
9239,"3 4 methoxy 2 methylphenyl 2 5 dimethyl n 1 3 methyl 1 2 4 oxadiazol 5 yl propyl pyrazolo 1 5 a pyrimidin 7 amine","C22 H26 N6 O2",406.21206,407.21934,"04","bottom","half",2277812.29858737,207506.995279805,2,146729.603505995,NA,"unknown"
9239,"3 4 methoxy 2 methylphenyl 2 5 dimethyl n 1 3 methyl 1 2 4 oxadiazol 5 yl propyl pyrazolo 1 5 a pyrimidin 7 amine","C22 H26 N6 O2",406.21206,407.21934,"15","bottom","half",3286547.25818171,17889.8016314352,2,12650.00004767,NA,"unknown"
9239,"3 4 methoxy 2 methylphenyl 2 5 dimethyl n 1 3 methyl 1 2 4 oxadiazol 5 yl propyl pyrazolo 1 5 a pyrimidin 7 amine","C22 H26 N6 O2",406.21206,407.21934,"29","bottom","half",2280837.21091615,192001.749840386,2,135765.73931182,NA,"unknown"
11762,"4 methoxy 4 oxobutan 2 yl 3 3 hydroxybutanoyl oxy butanoate","C13 H22 O7",290.13678,291.14405,"04","bottom","half",182058.621246565,7200.21157118323,2,5091.31842796151,NA,"unknown"
11762,"4 methoxy 4 oxobutan 2 yl 3 3 hydroxybutanoyl oxy butanoate","C13 H22 O7",290.13678,291.14405,"11","bottom","half",138665.540141731,12640.7226046859,2,8938.34067287149,NA,"unknown"
13151,"5 hydroxy 4 2r 6 hydroxy 5 3e 4 methyl 6 2 6 6 trimethyl 1 cyclohexen 1 yl 3 hexen 1 yl 5 6 dihydro 2h pyran 2 yl 2 5h furanone","C25 H36 O5",416.25607,434.29006,"18","bottom","half",459606.028156281,101159.650973474,2,71530.6751858075,NA,"unknown"
13153,"5 hydroxy 4 2r 6 hydroxy 5 3e 4 methyl 6 2 6 6 trimethyl 1 cyclohexen 1 yl 3 hexen 1 yl 5 6 dihydro 2h pyran 2 yl 2 5h furanone","C25 H36 O5",416.25626,417.26353,"29","bottom","quarter",316280.057078659,31920.0234147612,2,22570.865012211,NA,"unknown"
13578,"6 7 dimethoxy 4 3 naphthalen 2 yloxy pyrrolidin 1 yl quinazoline","C24 H23 N3 O3",401.1733,402.18058,"11","bottom","half",246041.49033658,18316.0820441215,2,12951.4258181675,NA,"unknown"
13578,"6 7 dimethoxy 4 3 naphthalen 2 yloxy pyrrolidin 1 yl quinazoline","C24 H23 N3 O3",401.1733,402.18058,"29","middle","quarter",879186.81141122,96143.1899292205,2,67983.501563858,NA,"unknown"
14603,"8 hydroxyquinoline","C9 H7 N O",145.05282,146.0601,"01","bottom","half",53859647.1850901,1565239.94522838,2,1106791.77945505,NA,"unknown"
14603,"8 hydroxyquinoline","C9 H7 N O",145.05282,146.0601,"01","bottom","quarter",44956036.508484,694779.879621167,2,491283.5643121,NA,"unknown"
14603,"8 hydroxyquinoline","C9 H7 N O",145.05282,146.0601,"01","middle","half",43842176.3530516,976789.097810438,2,690694.194850851,NA,"unknown"
14603,"8 hydroxyquinoline","C9 H7 N O",145.05282,146.0601,"01","middle","quarter",84533838.2558162,1309870.43131947,2,926218.264461748,NA,"unknown"
14603,"8 hydroxyquinoline","C9 H7 N O",145.05282,146.0601,"01","top","half",60096826.8739675,992057.727849999,2,701490.746691253,NA,"unknown"
14603,"8 hydroxyquinoline","C9 H7 N O",145.05282,146.0601,"01","top","quarter",49611869.458671,1315176.30195885,2,929970.081570949,NA,"unknown"
14603,"8 hydroxyquinoline","C9 H7 N O",145.05282,146.0601,"04","bottom","half",34219567.0402298,340688.163791414,2,240902.910886902,NA,"unknown"
14603,"8 hydroxyquinoline","C9 H7 N O",145.05282,146.0601,"08","bottom","half",26647772.3822544,1189347.80503523,2,840995.89812975,NA,"unknown"
14603,"8 hydroxyquinoline","C9 H7 N O",145.05282,146.0601,"11","bottom","half",35750258.9500819,377125.316284936,2,266667.8685022,NA,"unknown"
14603,"8 hydroxyquinoline","C9 H7 N O",145.05282,146.0601,"15","bottom","half",26723820.1914269,714421.76238489,2,505172.4728096,NA,"unknown"
14603,"8 hydroxyquinoline","C9 H7 N O",145.05282,146.0601,"18","bottom","half",34349608.2156366,198669.854055942,2,140480.801020298,NA,"unknown"
14603,"8 hydroxyquinoline","C9 H7 N O",145.05282,146.0601,"22","bottom","half",15251590.6987878,129010.618811946,2,91224.2834069999,NA,"unknown"
14603,"8 hydroxyquinoline","C9 H7 N O",145.05282,146.0601,"25","bottom","half",66411213.3795217,561998.251497193,2,397392.774648648,NA,"unknown"
14603,"8 hydroxyquinoline","C9 H7 N O",145.05282,146.0601,"29","bottom","half",43686937.9965676,778870.443154052,2,550744.572020002,NA,"unknown"
14603,"8 hydroxyquinoline","C9 H7 N O",145.05282,146.0601,"29","bottom","quarter",29870478.9614424,143513.599851023,2,101479.439647151,NA,"unknown"
14603,"8 hydroxyquinoline","C9 H7 N O",145.05282,146.0601,"29","middle","half",42202243.2141968,170488.836140075,2,120553.812151249,NA,"unknown"
14603,"8 hydroxyquinoline","C9 H7 N O",145.05282,146.0601,"29","middle","quarter",23996364.1991942,444422.009353485,2,314253.816522401,NA,"unknown"
14603,"8 hydroxyquinoline","C9 H7 N O",145.05282,146.0601,"29","top","half",31390071.6417442,12045.4554452976,2,8517.42322785035,NA,"unknown"
14603,"8 hydroxyquinoline","C9 H7 N O",145.05282,146.0601,"29","top","quarter",53081299.7973096,1025260.57090992,2,724968.702173598,NA,"unknown"
14604,"8 hydroxyquinoline","C9 H7 N O",145.05283,146.06011,"01","bottom","half",1298275.93114897,46468.3620143312,2,32858.093890965,NA,"unknown"
14604,"8 hydroxyquinoline","C9 H7 N O",145.05283,146.06011,"01","bottom","quarter",2032844.4791223,146739.332687351,2,103760.377210015,NA,"unknown"
14604,"8 hydroxyquinoline","C9 H7 N O",145.05283,146.06011,"01","middle","half",1234995.65785486,99529.7917832766,2,70378.19070004,NA,"unknown"
14604,"8 hydroxyquinoline","C9 H7 N O",145.05283,146.06011,"01","middle","quarter",1293117.00336192,8233.94193719945,2,5822.27617969003,NA,"unknown"
14604,"8 hydroxyquinoline","C9 H7 N O",145.05283,146.06011,"01","top","half",817639.554304081,117971.295467614,2,83418.303010512,NA,"unknown"
14604,"8 hydroxyquinoline","C9 H7 N O",145.05283,146.06011,"01","top","quarter",986336.119748128,50991.12678754,2,36056.1715318125,NA,"unknown"
14604,"8 hydroxyquinoline","C9 H7 N O",145.05283,146.06011,"04","bottom","half",1096599.26344042,211439.225805888,2,149510.110376177,NA,"unknown"
14604,"8 hydroxyquinoline","C9 H7 N O",145.05283,146.06011,"08","bottom","half",638792.836061392,70646.4328013919,2,49954.571700504,NA,"unknown"
14604,"8 hydroxyquinoline","C9 H7 N O",145.05283,146.06011,"11","bottom","half",639811.216064953,9675.0557510495,2,6841.29752992501,NA,"unknown"
14604,"8 hydroxyquinoline","C9 H7 N O",145.05283,146.06011,"15","bottom","half",711171.818964111,139288.619885003,2,98491.927662801,NA,"unknown"
14604,"8 hydroxyquinoline","C9 H7 N O",145.05283,146.06011,"18","bottom","half",781288.043420723,17934.5152237783,2,12681.617332027,NA,"unknown"
14604,"8 hydroxyquinoline","C9 H7 N O",145.05283,146.06011,"22","bottom","half",281762.14495422,37424.2291981741,2,26462.9262467085,NA,"unknown"
14604,"8 hydroxyquinoline","C9 H7 N O",145.05283,146.06011,"25","bottom","half",600328.871551703,9080.89380755773,2,6421.161590559,NA,"unknown"
14604,"8 hydroxyquinoline","C9 H7 N O",145.05283,146.06011,"29","bottom","half",636032.962329834,20285.3770894326,2,14343.927698864,NA,"unknown"
14604,"8 hydroxyquinoline","C9 H7 N O",145.05283,146.06011,"29","middle","half",4107744.78373003,54766.0343963785,2,38725.4343003749,NA,"unknown"
14604,"8 hydroxyquinoline","C9 H7 N O",145.05283,146.06011,"29","top","half",424426.910661359,11834.4863412614,2,8368.24554376549,NA,"unknown"
14604,"8 hydroxyquinoline","C9 H7 N O",145.05283,146.06011,"29","top","quarter",585084.248722023,36694.711806405,2,25947.079551995,NA,"unknown"
14606,"8 hydroxyquinoline","C9 H7 N O",145.05283,146.06011,"01","bottom","quarter",920222.012646248,227642.404215717,2,160967.487706543,NA,"unknown"
14606,"8 hydroxyquinoline","C9 H7 N O",145.05283,146.06011,"01","middle","half",714866.049306042,664.211259903203,2,469.668286018015,NA,"unknown"
14606,"8 hydroxyquinoline","C9 H7 N O",145.05283,146.06011,"01","middle","quarter",618964.280384072,85116.1793798719,2,60186.227628198,NA,"unknown"
14606,"8 hydroxyquinoline","C9 H7 N O",145.05283,146.06011,"01","top","half",781548.167627606,19829.7305360191,2,14021.736931121,NA,"unknown"
14606,"8 hydroxyquinoline","C9 H7 N O",145.05283,146.06011,"01","top","quarter",888685.58619024,137288.922859966,2,97077.928336079,NA,"unknown"
14606,"8 hydroxyquinoline","C9 H7 N O",145.05283,146.06011,"04","bottom","half",2120862.85697701,8334.65486153381,2,5893.49097143998,NA,"unknown"
14606,"8 hydroxyquinoline","C9 H7 N O",145.05283,146.06011,"25","bottom","half",674456.379722332,98663.5993499552,2,69765.7001566259,NA,"unknown"
14606,"8 hydroxyquinoline","C9 H7 N O",145.05283,146.06011,"29","bottom","half",492127.726479506,108885.738967559,2,76993.8443984695,NA,"unknown"
14606,"8 hydroxyquinoline","C9 H7 N O",145.05283,146.06011,"29","middle","half",722796.699955211,100767.20157477,2,71253.1715547115,NA,"unknown"
14606,"8 hydroxyquinoline","C9 H7 N O",145.05283,146.06011,"29","top","half",2851412.06876429,147278.098536034,2,104141.34219509,NA,"unknown"
14606,"8 hydroxyquinoline","C9 H7 N O",145.05283,146.06011,"29","top","quarter",681457.758576378,96136.4852760229,2,67978.7606581165,NA,"unknown"
14607,"8 hydroxyquinoline","C9 H7 N O",145.05282,146.0601,"01","top","half",1568571.83881996,49618.4603708514,2,35085.549800265,NA,"unknown"
14607,"8 hydroxyquinoline","C9 H7 N O",145.05282,146.0601,"01","top","quarter",1137922.4344363,69035.7924279991,2,48815.6769704251,NA,"unknown"
14607,"8 hydroxyquinoline","C9 H7 N O",145.05282,146.0601,"29","bottom","half",1092730.59789295,83199.3056373821,2,58830.793206205,NA,"unknown"
14607,"8 hydroxyquinoline","C9 H7 N O",145.05282,146.0601,"29","middle","half",876855.080123021,57329.2077776933,2,40537.8715796595,NA,"unknown"
14607,"8 hydroxyquinoline","C9 H7 N O",145.05282,146.0601,"29","middle","quarter",1194784.09492026,83942.8188424638,2,59356.53643542,NA,"unknown"
14607,"8 hydroxyquinoline","C9 H7 N O",145.05282,146.0601,"29","top","half",1101853.76551722,16202.1741439042,2,11456.66720712,NA,"unknown"
14607,"8 hydroxyquinoline","C9 H7 N O",145.05282,146.0601,"29","top","quarter",910692.809538738,80970.8630295501,2,57255.046326722,NA,"unknown"
14608,"8 hydroxyquinoline","C9 H7 N O",145.05282,146.06009,"29","top","quarter",2275356.29648141,502631.601826352,2,355414.21409007,NA,"unknown"
14609,"8 hydroxyquinoline","C9 H7 N O",145.05283,146.06011,"01","bottom","quarter",630708.803726478,189939.128536021,2,134307.245800484,NA,"unknown"
14609,"8 hydroxyquinoline","C9 H7 N O",145.05283,146.06011,"04","bottom","half",980653.155450958,218502.002302409,2,154504.247530872,NA,"unknown"
14609,"8 hydroxyquinoline","C9 H7 N O",145.05283,146.06011,"08","bottom","half",491914.153280009,91026.0627885533,2,64365.1462624985,NA,"unknown"
14609,"8 hydroxyquinoline","C9 H7 N O",145.05283,146.06011,"29","middle","half",1030328.65471785,82081.5613293819,2,58040.4286263855,NA,"unknown"
14609,"8 hydroxyquinoline","C9 H7 N O",145.05283,146.06011,"29","top","half",953651.748198655,106811.203344803,2,75526.9261918055,NA,"unknown"
14610,"8 hydroxyquinoline","C9 H7 N O",145.05284,146.06012,"01","bottom","quarter",647271.391701572,123057.029229834,2,87014.459841087,NA,"unknown"
14610,"8 hydroxyquinoline","C9 H7 N O",145.05284,146.06012,"01","middle","quarter",564168.072141716,1945.97517704405,2,1376.01224370854,NA,"unknown"
14610,"8 hydroxyquinoline","C9 H7 N O",145.05284,146.06012,"11","bottom","half",347661.332876812,22415.7686265731,2,15850.3420013585,NA,"unknown"
14610,"8 hydroxyquinoline","C9 H7 N O",145.05284,146.06012,"18","bottom","half",408901.722817213,17270.871705172,2,12212.35049973,NA,"unknown"
14610,"8 hydroxyquinoline","C9 H7 N O",145.05284,146.06012,"29","bottom","half",453352.011662096,13190.2777762958,2,9326.93486135299,NA,"unknown"
14610,"8 hydroxyquinoline","C9 H7 N O",145.05284,146.06012,"29","middle","half",382921.158530475,5192.52153038446,2,3671.667185592,NA,"unknown"
14610,"8 hydroxyquinoline","C9 H7 N O",145.05284,146.06012,"29","top","quarter",333481.805000908,2288.43211388126,2,1618.1658660105,NA,"unknown"
15274,"acycloguanosine aciclovir","C8 H11 N5 O3",225.08727,226.09454,"29","bottom","quarter",731493.942443996,63819.7374923747,2,45127.3691544035,NA,"unknown"
15443,"agroclavine","C16 H18 N2",238.14707,239.15434,"29","middle","quarter",187252.08271878,10080.2141238794,2,7127.78776280751,NA,"unknown"
15501,"alafosfalin","C5 H13 N2 O4 P",196.06128,197.06856,"01","bottom","quarter",798410.473022528,17128.6976837734,2,12111.8182850905,NA,"unknown"
15501,"alafosfalin","C5 H13 N2 O4 P",196.06128,197.06856,"01","middle","half",627860.041718428,12707.5475412332,2,8985.59303865646,NA,"unknown"
15501,"alafosfalin","C5 H13 N2 O4 P",196.06128,197.06856,"01","top","half",765182.65028546,18142.2310510491,2,12828.49460205,NA,"unknown"
15501,"alafosfalin","C5 H13 N2 O4 P",196.06128,197.06856,"01","top","quarter",866549.222330816,73166.8656680219,2,51736.7868720235,NA,"unknown"
15501,"alafosfalin","C5 H13 N2 O4 P",196.06128,197.06856,"08","bottom","half",400091.010088391,17101.4834989134,2,12092.5749504315,NA,"unknown"
15501,"alafosfalin","C5 H13 N2 O4 P",196.06128,197.06856,"11","bottom","half",619996.587015992,30514.875171347,2,21577.2751607205,NA,"unknown"
15501,"alafosfalin","C5 H13 N2 O4 P",196.06128,197.06856,"15","bottom","half",422183.558293534,23232.2670773752,2,16427.693592749,NA,"unknown"
15501,"alafosfalin","C5 H13 N2 O4 P",196.06128,197.06856,"18","bottom","half",472471.771092922,13652.7265888433,2,9653.935552657,NA,"unknown"
15501,"alafosfalin","C5 H13 N2 O4 P",196.06128,197.06856,"29","bottom","half",492809.948777058,13624.3071530372,2,9633.83997688099,NA,"unknown"
15501,"alafosfalin","C5 H13 N2 O4 P",196.06128,197.06856,"29","top","half",437050.643262205,15569.253546694,2,11009.12476088,NA,"unknown"
15810,"amastatin","C21 H38 N4 O8",474.26743,492.30124,"29","middle","quarter",7481146.87226642,676311.59631985,2,478224.515952865,NA,"unknown"
15891,"amicycline","C21 H23 N3 O7",429.15228,430.15956,"29","top","half",164155.106125062,32845.357235953,2,23225.174832037,NA,"unknown"
16267,"anisomycin","C14 H19 N O4",265.13151,266.13879,"29","middle","half",160880.664777626,39096.5233417959,2,27645.416775802,NA,"unknown"
16268,"anisomycin","C14 H19 N O4",265.13151,266.13878,"29","top","half",156904.676580839,17429.1672724429,2,12324.282368779,NA,"unknown"
16306,"aphidicolin","C20 H34 O4",338.24577,361.23502,"08","bottom","half",1680681.58698156,1057.70262687916,2,747.908699945081,NA,"unknown"
16401,"arbekacin","C22 H44 N6 O10",552.31458,553.32185,"01","bottom","quarter",200492.654758088,14981.1708221701,2,10593.2874784705,NA,"unknown"
16401,"arbekacin","C22 H44 N6 O10",552.31458,553.32185,"08","bottom","half",250242.467396016,5820.3998702704,2,4115.6442174855,NA,"unknown"
16401,"arbekacin","C22 H44 N6 O10",552.31458,553.32185,"11","bottom","half",154305.56026709,6691.76506132908,2,4731.79245297301,NA,"unknown"
16401,"arbekacin","C22 H44 N6 O10",552.31458,553.32185,"18","bottom","half",152436.550323987,8695.99874438736,2,6148.999681346,NA,"unknown"
16401,"arbekacin","C22 H44 N6 O10",552.31458,553.32185,"29","bottom","half",253124.007685601,5909.05194673374,2,4178.330701919,NA,"unknown"
16541,"astromicin","C17 H35 N5 O6",405.26031,406.26759,"25","bottom","half",129316.925278806,3906.24928081732,2,2762.135355471,NA,"unknown"
16541,"astromicin","C17 H35 N5 O6",405.26031,406.26759,"29","bottom","quarter",146172.168934858,24845.1366428293,2,17568.164599651,NA,"unknown"
16541,"astromicin","C17 H35 N5 O6",405.26031,406.26759,"29","top","quarter",234054.386654036,96026.5115281697,2,67900.997475257,NA,"unknown"
16671,"aurantiogliocladin","C10 H12 O4",196.07357,197.08084,"04","bottom","half",210620.959649782,18409.9433135074,2,13017.795758241,NA,"unknown"
16671,"aurantiogliocladin","C10 H12 O4",196.07357,197.08084,"08","bottom","half",788945.065824191,171419.071402059,2,121211.587813097,NA,"unknown"
16671,"aurantiogliocladin","C10 H12 O4",196.07357,197.08084,"29","bottom","half",1779005.90325789,56459.5794784671,2,39922.9515121649,NA,"unknown"
16671,"aurantiogliocladin","C10 H12 O4",196.07357,197.08084,"29","middle","half",1494769.91102037,442631.408761915,2,312987.670701705,NA,"unknown"
16672,"aurantiogliocladin","C10 H12 O4",196.07357,197.08085,"29","top","quarter",1476791.63249514,442385.004034418,2,312813.436247975,NA,"unknown"
16673,"aurantiogliocladin","C10 H12 O4",196.07359,197.08086,"01","middle","quarter",1194202.5933847,157666.979577661,2,111487.390428565,NA,"unknown"
16673,"aurantiogliocladin","C10 H12 O4",196.07359,197.08086,"08","bottom","half",731626.610821306,231483.578464181,2,163683.608065351,NA,"unknown"
16673,"aurantiogliocladin","C10 H12 O4",196.07359,197.08086,"15","bottom","half",339800.202814766,26982.2508455071,2,19079.3325445345,NA,"unknown"
16673,"aurantiogliocladin","C10 H12 O4",196.07359,197.08086,"25","bottom","half",658496.477511392,11605.1818794417,2,8206.10280385648,NA,"unknown"
16673,"aurantiogliocladin","C10 H12 O4",196.07359,197.08086,"29","bottom","half",1471967.43683289,142652.663942744,2,100870.66602824,NA,"unknown"
16673,"aurantiogliocladin","C10 H12 O4",196.07359,197.08086,"29","middle","half",1167282.38212359,203034.621465523,2,143567.157653915,NA,"unknown"
16673,"aurantiogliocladin","C10 H12 O4",196.07359,197.08086,"29","middle","quarter",1274043.56926558,63832.2747320639,2,45136.2343216051,NA,"unknown"
16673,"aurantiogliocladin","C10 H12 O4",196.07359,197.08086,"29","top","quarter",1474398.20568675,220615.005351773,2,155998.366315745,NA,"unknown"
16674,"aurantiogliocladin","C10 H12 O4",196.07357,197.08084,"25","bottom","half",629036.142924194,604853.545177871,2,427696.043419996,NA,"unknown"
16677,"aurantiogliocladin","C10 H12 O4",196.07359,197.08087,"29","middle","half",471597.89750579,161686.296986343,2,114329.477023985,NA,"unknown"
16678,"aurantiogliocladin","C10 H12 O4",196.07359,197.08086,"25","bottom","half",897780.533524505,96102.8024448959,2,67954.943299817,NA,"unknown"
16685,"aurantiogliocladin","C10 H12 O4",196.0736,197.08087,"04","bottom","half",252724.505333289,16149.8617895177,2,11419.6767865935,NA,"unknown"
16685,"aurantiogliocladin","C10 H12 O4",196.0736,197.08087,"29","middle","half",366760.584516634,36910.9429387092,2,26099.978051951,NA,"unknown"
16685,"aurantiogliocladin","C10 H12 O4",196.0736,197.08087,"29","top","half",313563.939793022,49991.598869878,2,35349.3985632485,NA,"unknown"
16686,"aurantiogliocladin","C10 H12 O4",196.07356,197.08084,"29","bottom","quarter",369556.665338991,269566.735145593,2,190612.466403767,NA,"unknown"
16687,"aurantiogliocladin","C10 H12 O4",196.07361,197.08088,"01","middle","quarter",281391.488315534,25153.2217982332,2,17786.01370222,NA,"unknown"
16778,"bacimethrin","C6 H9 N3 O2",155.06951,156.07679,"04","bottom","half",199329.062329528,30530.9265353142,2,21588.625189029,NA,"unknown"
16778,"bacimethrin","C6 H9 N3 O2",155.06951,156.07679,"29","top","quarter",225269.190199665,25188.6830915635,2,17811.0886232035,NA,"unknown"
17136,"bestatin ubenimex","C16 H24 N2 O4",308.1738,309.18105,"04","bottom","half",342096.690149821,67508.7819690403,2,47735.9175199525,NA,"unknown"
17137,"bestatin ubenimex","C16 H24 N2 O4",308.1738,309.181,"29","middle","half",120217.682081518,25039.3473240005,2,17705.492289286,NA,"unknown"
17138,"bestatin ubenimex","C16 H24 N2 O4",308.17378,309.18106,"01","bottom","quarter",298350.628316804,34483.2197568421,2,24383.318527209,NA,"unknown"
17138,"bestatin ubenimex","C16 H24 N2 O4",308.17378,309.18106,"01","top","quarter",196580.489250359,25566.0993927128,2,18077.9622490765,NA,"unknown"
17138,"bestatin ubenimex","C16 H24 N2 O4",308.17378,309.18106,"15","bottom","half",303667.372978549,10820.1832482194,2,7651.02494849701,NA,"unknown"
17138,"bestatin ubenimex","C16 H24 N2 O4",308.17378,309.18106,"18","bottom","half",246720.237464827,34678.4029623247,2,24521.3338953795,NA,"unknown"
17138,"bestatin ubenimex","C16 H24 N2 O4",308.17378,309.18106,"29","bottom","half",303764.936074089,11339.680809696,2,8018.36519702701,NA,"unknown"
17435,"brefeldin a","C16 H24 O4",280.16761,281.17489,"01","middle","half",1446480.04735065,137881.617154006,2,97497.026490565,NA,"unknown"
17435,"brefeldin a","C16 H24 O4",280.16761,281.17489,"01","middle","quarter",1664806.70492491,192650.047786045,2,136224.155185425,NA,"unknown"
17435,"brefeldin a","C16 H24 O4",280.16761,281.17489,"25","bottom","half",849452.795907719,151571.440286117,2,107177.193260525,NA,"unknown"
17435,"brefeldin a","C16 H24 O4",280.16761,281.17489,"29","bottom","half",391614.795775421,35219.8181161918,2,24904.172222116,NA,"unknown"
17436,"brefeldin a","C16 H24 O4",280.16747,281.17475,"01","middle","quarter",739450.561210462,85929.2194164994,2,60761.1337514735,NA,"unknown"
17437,"brefeldin a","C16 H24 O4",280.16759,281.17487,"25","bottom","half",354851.949036671,76768.3596892066,2,54283.427716806,NA,"unknown"
17611,"caerulomycin a","C12 H11 N3 O2",229.08522,230.0925,"01","bottom","half",1002933.96958584,40358.550203485,2,28537.804527742,NA,"unknown"
17611,"caerulomycin a","C12 H11 N3 O2",229.08522,230.0925,"01","bottom","quarter",773020.541722242,52904.4174887843,2,37409.0723610435,NA,"unknown"
17611,"caerulomycin a","C12 H11 N3 O2",229.08522,230.0925,"01","middle","half",2287174.86718212,232135.006357294,2,164144.237146025,NA,"unknown"
17611,"caerulomycin a","C12 H11 N3 O2",229.08522,230.0925,"01","middle","quarter",1032707.455875,209758.375716985,2,148321.569880156,NA,"unknown"
17611,"caerulomycin a","C12 H11 N3 O2",229.08522,230.0925,"01","top","half",2745432.14265213,233286.540567535,2,164958.494794855,NA,"unknown"
17611,"caerulomycin a","C12 H11 N3 O2",229.08522,230.0925,"01","top","quarter",1635186.32422671,216798.609814713,2,153299.7671518,NA,"unknown"
17611,"caerulomycin a","C12 H11 N3 O2",229.08522,230.0925,"04","bottom","half",258359.121217694,51624.8485076966,2,36504.2804575205,NA,"unknown"
17611,"caerulomycin a","C12 H11 N3 O2",229.08522,230.0925,"08","bottom","half",182750.234786849,48430.4158185812,2,34245.475441003,NA,"unknown"
17611,"caerulomycin a","C12 H11 N3 O2",229.08522,230.0925,"11","bottom","half",493297.510282402,686.248492348968,2,485.250962519,NA,"unknown"
17611,"caerulomycin a","C12 H11 N3 O2",229.08522,230.0925,"15","bottom","half",304657.469480959,56263.2763008084,2,39784.144204074,NA,"unknown"
17611,"caerulomycin a","C12 H11 N3 O2",229.08522,230.0925,"18","bottom","half",270012.085643606,23613.7211998571,2,16697.4223894675,NA,"unknown"
17611,"caerulomycin a","C12 H11 N3 O2",229.08522,230.0925,"25","bottom","half",801038.869645593,23616.6840147144,2,16699.5174159445,NA,"unknown"
17611,"caerulomycin a","C12 H11 N3 O2",229.08522,230.0925,"29","bottom","half",1134179.3302299,71688.3636050886,2,50691.3280373251,NA,"unknown"
17611,"caerulomycin a","C12 H11 N3 O2",229.08522,230.0925,"29","bottom","quarter",594700.781696131,16338.3117645709,2,11552.931041868,NA,"unknown"
17611,"caerulomycin a","C12 H11 N3 O2",229.08522,230.0925,"29","middle","half",1770758.2794024,223993.304866326,2,158387.184811365,NA,"unknown"
17611,"caerulomycin a","C12 H11 N3 O2",229.08522,230.0925,"29","middle","quarter",218889.536277114,21768.8990564893,2,15392.936141809,NA,"unknown"
17612,"caerulomycin a","C12 H11 N3 O2",229.08523,230.0925,"01","bottom","quarter",322099.629226072,4042.29488565451,2,2858.334125202,NA,"unknown"
17612,"caerulomycin a","C12 H11 N3 O2",229.08523,230.0925,"01","middle","half",403038.109196426,44287.6562225575,2,31316.102037829,NA,"unknown"
17612,"caerulomycin a","C12 H11 N3 O2",229.08523,230.0925,"01","middle","quarter",177393.705150725,3566.30050786024,2,2521.755272857,NA,"unknown"
17612,"caerulomycin a","C12 H11 N3 O2",229.08523,230.0925,"01","top","half",490455.891417733,14020.5726640755,2,9914.04200688651,NA,"unknown"
17612,"caerulomycin a","C12 H11 N3 O2",229.08523,230.0925,"01","top","quarter",210352.253272616,20216.996741785,2,14295.5754913425,NA,"unknown"
17612,"caerulomycin a","C12 H11 N3 O2",229.08523,230.0925,"04","bottom","half",476252.495549892,34518.1378823635,2,24408.0093705515,NA,"unknown"
17612,"caerulomycin a","C12 H11 N3 O2",229.08523,230.0925,"08","bottom","half",276663.720256265,29036.7845763782,2,20532.10727781,NA,"unknown"
17612,"caerulomycin a","C12 H11 N3 O2",229.08523,230.0925,"11","bottom","half",354465.153796114,58996.8167652125,2,41717.049203102,NA,"unknown"
17612,"caerulomycin a","C12 H11 N3 O2",229.08523,230.0925,"15","bottom","half",348268.954505746,5641.478385515,2,3989.12762231499,NA,"unknown"
17612,"caerulomycin a","C12 H11 N3 O2",229.08523,230.0925,"18","bottom","half",339686.510528077,33263.2089827404,2,23520.640635721,NA,"unknown"
17612,"caerulomycin a","C12 H11 N3 O2",229.08523,230.0925,"22","bottom","half",113524.149854326,9305.37042490419,2,6579.8905289025,NA,"unknown"
17612,"caerulomycin a","C12 H11 N3 O2",229.08523,230.0925,"29","bottom","half",129161.403362852,6414.40857168277,2,4535.671798338,NA,"unknown"
17612,"caerulomycin a","C12 H11 N3 O2",229.08523,230.0925,"29","bottom","quarter",195671.414551868,9744.67731971964,2,6890.52741324851,NA,"unknown"
17612,"caerulomycin a","C12 H11 N3 O2",229.08523,230.0925,"29","middle","quarter",165116.621215417,9450.64884186707,2,6682.617882697,NA,"unknown"
17613,"caerulomycin a","C12 H11 N3 O2",229.08524,230.09252,"29","middle","half",178892.196141428,100.644160251982,2,71.1661682010017,NA,"unknown"
17613,"caerulomycin a","C12 H11 N3 O2",229.08524,230.09252,"29","middle","quarter",202841.117625663,5534.07091141178,2,3913.17906902649,NA,"unknown"
18358,"clofoctol","C21 H26 Cl2 O",364.13744,365.14472,"04","bottom","half",206365.873633251,34586.7368549269,2,24456.5161692335,NA,"unknown"
18376,"cloranolol","C13 H19 Cl2 N O2",291.07918,292.08646,"01","bottom","half",252975.326560794,16208.4972950795,2,11461.1383501945,NA,"unknown"
18376,"cloranolol","C13 H19 Cl2 N O2",291.07918,292.08646,"01","bottom","quarter",196624.14135385,6127.08823437377,2,4332.505639454,NA,"unknown"
18376,"cloranolol","C13 H19 Cl2 N O2",291.07918,292.08646,"01","middle","quarter",236813.092188764,381.517637047417,2,269.773708298497,NA,"unknown"
18376,"cloranolol","C13 H19 Cl2 N O2",291.07918,292.08646,"01","top","half",233013.408799508,53412.5269301781,2,37768.359992638,NA,"unknown"
18376,"cloranolol","C13 H19 Cl2 N O2",291.07918,292.08646,"01","top","quarter",190108.478428914,31256.6760120473,2,22101.8075654695,NA,"unknown"
18376,"cloranolol","C13 H19 Cl2 N O2",291.07918,292.08646,"04","bottom","half",184281.614731058,10052.3569438146,2,7108.08976187899,NA,"unknown"
18376,"cloranolol","C13 H19 Cl2 N O2",291.07918,292.08646,"08","bottom","half",126237.896250828,24010.9097307678,2,16978.277093084,NA,"unknown"
18376,"cloranolol","C13 H19 Cl2 N O2",291.07918,292.08646,"11","bottom","half",133749.485882623,9029.54116894767,2,6384.849791566,NA,"unknown"
18376,"cloranolol","C13 H19 Cl2 N O2",291.07918,292.08646,"15","bottom","half",175866.99439185,8485.37924093544,2,6000.06920220501,NA,"unknown"
18376,"cloranolol","C13 H19 Cl2 N O2",291.07918,292.08646,"18","bottom","half",108998.552106991,6551.03558795658,2,4632.2816880385,NA,"unknown"
18507,"cordycepin","C10 H13 N5 O3",251.10228,269.13606,"01","bottom","half",2695060.67367866,14668.108282791,2,10371.9188339401,NA,"unknown"
18507,"cordycepin","C10 H13 N5 O3",251.10228,269.13606,"01","bottom","quarter",3619575.85879422,134648.738798556,2,95211.0362826749,NA,"unknown"
18507,"cordycepin","C10 H13 N5 O3",251.10228,269.13606,"01","middle","half",3326926.63162966,121625.069865546,2,86001.9116642149,NA,"unknown"
18507,"cordycepin","C10 H13 N5 O3",251.10228,269.13606,"01","middle","quarter",3362431.54457143,676662.704921451,2,478472.78722599,NA,"unknown"
18507,"cordycepin","C10 H13 N5 O3",251.10228,269.13606,"01","top","quarter",3338538.80336108,7647.70093837264,2,5407.74119401001,NA,"unknown"
18507,"cordycepin","C10 H13 N5 O3",251.10228,269.13606,"04","bottom","half",2901216.90188647,68863.8808282743,2,48694.117112495,NA,"unknown"
18507,"cordycepin","C10 H13 N5 O3",251.10228,269.13606,"08","bottom","half",2727293.21350637,245253.010383807,2,173420.066748805,NA,"unknown"
18507,"cordycepin","C10 H13 N5 O3",251.10228,269.13606,"15","bottom","half",3336347.43580654,687761.6067281,2,486320.895957195,NA,"unknown"
18508,"cordycepin","C10 H13 N5 O3",251.10196,252.10919,"01","middle","quarter",384650.542233172,119298.503702264,2,84356.7809532795,NA,"unknown"
18508,"cordycepin","C10 H13 N5 O3",251.10196,252.10919,"18","bottom","half",340857.080953344,61968.7133234024,2,43818.497412383,NA,"unknown"
18508,"cordycepin","C10 H13 N5 O3",251.10196,252.10919,"29","middle","quarter",564166.09805472,47895.9083794384,2,33867.5216061905,NA,"unknown"
18508,"cordycepin","C10 H13 N5 O3",251.10196,252.10919,"29","top","half",404840.710317751,88852.0551685854,2,62827.890732068,NA,"unknown"
18509,"cordycepin","C10 H13 N5 O3",251.10193,252.10921,"04","bottom","half",648479.23268167,80929.6857506169,2,57225.9295935575,NA,"unknown"
18647,"cryptotanshinone","C19 H20 O3",296.14143,297.14871,"01","bottom","half",6793652.78961504,2431487.88726878,2,1719321.57346071,NA,"unknown"
18647,"cryptotanshinone","C19 H20 O3",296.14143,297.14871,"01","bottom","quarter",9289440.42954045,1884083.20251023,2,1332248.00881465,NA,"unknown"
18647,"cryptotanshinone","C19 H20 O3",296.14143,297.14871,"01","middle","half",8874811.07072875,535912.090076579,2,378947.073013005,NA,"unknown"
18647,"cryptotanshinone","C19 H20 O3",296.14143,297.14871,"01","middle","quarter",4414266.26683846,363645.655825683,2,257136.30918337,NA,"unknown"
18647,"cryptotanshinone","C19 H20 O3",296.14143,297.14871,"01","top","half",12695860.7355551,2564516.78100976,2,1813387.2063187,NA,"unknown"
18647,"cryptotanshinone","C19 H20 O3",296.14143,297.14871,"01","top","quarter",8799480.21482548,329788.592386308,2,233195.750034325,NA,"unknown"
18647,"cryptotanshinone","C19 H20 O3",296.14143,297.14871,"04","bottom","half",2481446.79971439,815340.84040766,2,576533.037230595,NA,"unknown"
18647,"cryptotanshinone","C19 H20 O3",296.14143,297.14871,"08","bottom","half",11921060.9987116,1609947.54469639,2,1138404.82620945,NA,"unknown"
18647,"cryptotanshinone","C19 H20 O3",296.14143,297.14871,"11","bottom","half",8922592.41510152,964626.479055772,2,682093.92465244,NA,"unknown"
18647,"cryptotanshinone","C19 H20 O3",296.14143,297.14871,"15","bottom","half",7103144.28781115,1473467.85376733,2,1041899.11125927,NA,"unknown"
18647,"cryptotanshinone","C19 H20 O3",296.14143,297.14871,"18","bottom","half",6409528.40631098,781370.785650565,2,552512.581154575,NA,"unknown"
18647,"cryptotanshinone","C19 H20 O3",296.14143,297.14871,"25","bottom","half",6610594.8131742,4575.60302700101,2,3235.43992841011,NA,"unknown"
18647,"cryptotanshinone","C19 H20 O3",296.14143,297.14871,"29","bottom","half",9933327.35512931,496605.390181019,2,351153.03897079,NA,"unknown"
18647,"cryptotanshinone","C19 H20 O3",296.14143,297.14871,"29","middle","half",13265612.5435928,358120.177174829,2,253229.20576005,NA,"unknown"
18647,"cryptotanshinone","C19 H20 O3",296.14143,297.14871,"29","top","half",2467151.11751053,72036.2877782909,2,50937.3475795351,NA,"unknown"
18647,"cryptotanshinone","C19 H20 O3",296.14143,297.14871,"29","top","quarter",8733689.70629479,5284487.45698241,2,3736696.91592752,NA,"unknown"
18648,"cryptotanshinone","C19 H20 O3",296.14142,297.14869,"22","bottom","half",5089695.41954824,1129931.82719537,2,798982.45728835,NA,"unknown"
18648,"cryptotanshinone","C19 H20 O3",296.14142,297.14869,"29","middle","quarter",8063886.88210305,1553386.61709911,2,1098410.21075521,NA,"unknown"
18649,"cryptotanshinone","C19 H20 O3",296.14143,297.14871,"29","bottom","quarter",5419368.58198145,196167.691211967,2,138711.50470569,NA,"unknown"
18771,"cycloheximide","C15 H23 N O4",281.16309,282.17036,"29","top","quarter",236178.58739062,30639.0133149068,2,21665.0540838355,NA,"unknown"
19037,"dacarbazine","C6 H10 N6 O",182.09194,183.09921,"01","bottom","half",12408293.75494,471267.446265922,2,333236.4070071,NA,"unknown"
19037,"dacarbazine","C6 H10 N6 O",182.09194,183.09921,"01","bottom","quarter",14835522.341911,1206688.4974495,2,853257.61932635,NA,"unknown"
19037,"dacarbazine","C6 H10 N6 O",182.09194,183.09921,"01","middle","half",9996967.16469186,175213.037249963,2,123894.32679174,NA,"unknown"
19037,"dacarbazine","C6 H10 N6 O",182.09194,183.09921,"01","middle","quarter",13973087.1814808,3827877.45530419,2,2706718.1061967,NA,"unknown"
19037,"dacarbazine","C6 H10 N6 O",182.09194,183.09921,"01","top","half",10507105.0643563,581711.723147699,2,411332.30413345,NA,"unknown"
19037,"dacarbazine","C6 H10 N6 O",182.09194,183.09921,"01","top","quarter",12083702.6928829,837097.517651993,2,591917.33124615,NA,"unknown"
19037,"dacarbazine","C6 H10 N6 O",182.09194,183.09921,"04","bottom","half",18205100.1176198,1397229.98630061,2,987990.79819035,NA,"unknown"
19037,"dacarbazine","C6 H10 N6 O",182.09194,183.09921,"08","bottom","half",20603870.4768135,2072863.53232987,2,1465735.86018475,NA,"unknown"
19037,"dacarbazine","C6 H10 N6 O",182.09194,183.09921,"11","bottom","half",13795006.2823288,16942.4937709499,2,11980.1522356495,NA,"unknown"
19037,"dacarbazine","C6 H10 N6 O",182.09194,183.09921,"15","bottom","half",17042696.1015041,405970.071760304,2,287064.1907005,NA,"unknown"
19037,"dacarbazine","C6 H10 N6 O",182.09194,183.09921,"18","bottom","half",9696076.29449217,583742.645330578,2,412768.382981026,NA,"unknown"
19037,"dacarbazine","C6 H10 N6 O",182.09194,183.09921,"22","bottom","half",3064692.61188676,154566.124334991,2,109294.754658995,NA,"unknown"
19037,"dacarbazine","C6 H10 N6 O",182.09194,183.09921,"25","bottom","half",9544785.20271642,172834.922293792,2,122212.74557979,NA,"unknown"
19037,"dacarbazine","C6 H10 N6 O",182.09194,183.09921,"29","bottom","half",12522570.0217973,332594.730740399,2,235179.98949345,NA,"unknown"
19037,"dacarbazine","C6 H10 N6 O",182.09194,183.09921,"29","bottom","quarter",8051011.64724441,293575.171213765,2,207588.994353255,NA,"unknown"
19037,"dacarbazine","C6 H10 N6 O",182.09194,183.09921,"29","middle","half",11432088.4900919,321316.57225581,2,227205.1271497,NA,"unknown"
19037,"dacarbazine","C6 H10 N6 O",182.09194,183.09921,"29","middle","quarter",17440133.7392219,697379.822632906,2,493122.001646399,NA,"unknown"
19037,"dacarbazine","C6 H10 N6 O",182.09194,183.09921,"29","top","half",11244598.0559159,130651.344800889,2,92384.4518798506,NA,"unknown"
19037,"dacarbazine","C6 H10 N6 O",182.09194,183.09921,"29","top","quarter",11855854.1519474,969635.710245674,2,685635.98599535,NA,"unknown"
19049,"daidzin","C21 H20 O9",416.11068,439.09989,"01","bottom","half",17768984.295959,536818.367217099,2,379587.907724701,NA,"unknown"
19049,"daidzin","C21 H20 O9",416.11068,439.09989,"01","bottom","quarter",29262691.9017603,515637.310051703,2,364610.63857035,NA,"unknown"
19049,"daidzin","C21 H20 O9",416.11068,439.09989,"01","middle","half",44050916.9748933,664632.376503492,2,469966.06042175,NA,"unknown"
19049,"daidzin","C21 H20 O9",416.11068,439.09989,"01","middle","quarter",105204193.325816,6347955.86231524,2,4488682.636916,NA,"unknown"
19049,"daidzin","C21 H20 O9",416.11068,439.09989,"01","top","half",38638595.3104012,2859919.09286999,2,2022268.18421325,NA,"unknown"
19049,"daidzin","C21 H20 O9",416.11068,439.09989,"01","top","quarter",38736351.6329641,2332456.66382569,2,1649295.9238149,NA,"unknown"
19049,"daidzin","C21 H20 O9",416.11068,439.09989,"04","bottom","half",26056395.7306225,337126.437490505,2,238384.390066799,NA,"unknown"
19049,"daidzin","C21 H20 O9",416.11068,439.09989,"08","bottom","half",22289121.9577737,1800131.95132927,2,1272885.5098155,NA,"unknown"
19049,"daidzin","C21 H20 O9",416.11068,439.09989,"11","bottom","half",39523546.8898422,1324143.97329508,2,936311.182784252,NA,"unknown"
19049,"daidzin","C21 H20 O9",416.11068,439.09989,"15","bottom","half",23489416.3023741,833620.848202612,2,589458.954702549,NA,"unknown"
19049,"daidzin","C21 H20 O9",416.11068,439.09989,"18","bottom","half",19118456.7998407,1743988.1430573,2,1233185.84226475,NA,"unknown"
19049,"daidzin","C21 H20 O9",416.11068,439.09989,"22","bottom","half",17315694.2934482,1296407.29466553,2,916698.3892377,NA,"unknown"
19049,"daidzin","C21 H20 O9",416.11068,439.09989,"25","bottom","half",120470294.116421,7428958.96114259,2,5253067.2585805,NA,"unknown"
19049,"daidzin","C21 H20 O9",416.11068,439.09989,"29","bottom","half",75876209.8452435,631196.041861893,2,446323.001458652,NA,"unknown"
19049,"daidzin","C21 H20 O9",416.11068,439.09989,"29","bottom","quarter",464807255.937019,24681945.5701573,2,17452771.0855355,NA,"unknown"
19049,"daidzin","C21 H20 O9",416.11068,439.09989,"29","middle","half",47206267.0303372,281333.31739357,2,198932.6965027,NA,"unknown"
19049,"daidzin","C21 H20 O9",416.11068,439.09989,"29","middle","quarter",38254824.5482411,538215.733757893,2,380575.995081499,NA,"unknown"
19049,"daidzin","C21 H20 O9",416.11068,439.09989,"29","top","half",16105897.7219113,380808.835311623,2,269272.5097846,NA,"unknown"
19049,"daidzin","C21 H20 O9",416.11068,439.09989,"29","top","quarter",49556617.3852047,4546791.88346817,2,3215067.3734443,NA,"unknown"
19050,"daidzin","C21 H20 O9",416.11066,417.11797,"29","middle","quarter",157653.116913982,1604.05643156288,2,1134.239180164,NA,"unknown"
20949,"ethacridine","C15 H15 N3 O",253.12159,254.12887,"22","bottom","half",501252.514963657,37348.9623507438,2,26409.704548492,NA,"unknown"
20949,"ethacridine","C15 H15 N3 O",253.12159,254.12887,"29","bottom","half",1064109.20561589,55572.5503160506,2,39295.72717631,NA,"unknown"
20949,"ethacridine","C15 H15 N3 O",253.12159,254.12887,"29","middle","half",1255098.39223969,78073.6315950356,2,55206.39433271,NA,"unknown"
20949,"ethacridine","C15 H15 N3 O",253.12159,254.12887,"29","middle","quarter",707084.649905816,64449.5143397841,2,45572.688633841,NA,"unknown"
20949,"ethacridine","C15 H15 N3 O",253.12159,254.12887,"29","top","quarter",868241.407673697,25930.3537336453,2,18335.5289636265,NA,"unknown"
20950,"ethacridine","C15 H15 N3 O",253.12162,254.1289,"18","bottom","half",115050.500048651,2410.79897039309,2,1704.6923000425,NA,"unknown"
21015,"ethyl 1 2 chlorophenyl 3 5 dimethyl 1h pyrazole 4 carboxylate","C14 H15 Cl N2 O2",278.08239,279.08967,"01","bottom","half",1079840.32407866,62062.5001071407,2,43884.81468315,NA,"unknown"
21015,"ethyl 1 2 chlorophenyl 3 5 dimethyl 1h pyrazole 4 carboxylate","C14 H15 Cl N2 O2",278.08239,279.08967,"01","bottom","quarter",1037994.71798537,3028.44371620454,2,2141.43308817001,NA,"unknown"
21015,"ethyl 1 2 chlorophenyl 3 5 dimethyl 1h pyrazole 4 carboxylate","C14 H15 Cl N2 O2",278.08239,279.08967,"01","middle","half",1199249.64917869,63521.3149566942,2,44916.352555765,NA,"unknown"
21015,"ethyl 1 2 chlorophenyl 3 5 dimethyl 1h pyrazole 4 carboxylate","C14 H15 Cl N2 O2",278.08239,279.08967,"01","top","half",1854159.27422384,28066.7259472077,2,19846.172242975,NA,"unknown"
21015,"ethyl 1 2 chlorophenyl 3 5 dimethyl 1h pyrazole 4 carboxylate","C14 H15 Cl N2 O2",278.08239,279.08967,"01","top","quarter",907842.740512002,12135.7536311034,2,8581.27368736249,NA,"unknown"
21015,"ethyl 1 2 chlorophenyl 3 5 dimethyl 1h pyrazole 4 carboxylate","C14 H15 Cl N2 O2",278.08239,279.08967,"04","bottom","half",1159734.94497753,100232.820306417,2,70875.30693612,NA,"unknown"
21015,"ethyl 1 2 chlorophenyl 3 5 dimethyl 1h pyrazole 4 carboxylate","C14 H15 Cl N2 O2",278.08239,279.08967,"08","bottom","half",1993983.62049986,190439.2492823,2,134660.88457159,NA,"unknown"
21015,"ethyl 1 2 chlorophenyl 3 5 dimethyl 1h pyrazole 4 carboxylate","C14 H15 Cl N2 O2",278.08239,279.08967,"11","bottom","half",2290208.21034366,47836.6393213052,2,33825.61205327,NA,"unknown"
21015,"ethyl 1 2 chlorophenyl 3 5 dimethyl 1h pyrazole 4 carboxylate","C14 H15 Cl N2 O2",278.08239,279.08967,"15","bottom","half",2397343.67585112,88161.1527728071,2,62339.3489628751,NA,"unknown"
21015,"ethyl 1 2 chlorophenyl 3 5 dimethyl 1h pyrazole 4 carboxylate","C14 H15 Cl N2 O2",278.08239,279.08967,"18","bottom","half",1529578.34723303,32625.1171512015,2,23069.4415746201,NA,"unknown"
21015,"ethyl 1 2 chlorophenyl 3 5 dimethyl 1h pyrazole 4 carboxylate","C14 H15 Cl N2 O2",278.08239,279.08967,"22","bottom","half",1228338.79185602,78134.7818379203,2,55249.6340841249,NA,"unknown"
21015,"ethyl 1 2 chlorophenyl 3 5 dimethyl 1h pyrazole 4 carboxylate","C14 H15 Cl N2 O2",278.08239,279.08967,"29","bottom","half",1776488.53524858,81463.0606807931,2,57603.0826236,NA,"unknown"
21015,"ethyl 1 2 chlorophenyl 3 5 dimethyl 1h pyrazole 4 carboxylate","C14 H15 Cl N2 O2",278.08239,279.08967,"29","middle","half",1722335.93571239,10617.3392294966,2,7507.592567335,NA,"unknown"
21015,"ethyl 1 2 chlorophenyl 3 5 dimethyl 1h pyrazole 4 carboxylate","C14 H15 Cl N2 O2",278.08239,279.08967,"29","top","half",6800461.52728073,106675.08453009,2,75430.6756548746,NA,"unknown"
21500,"fleroxacin","C17 H18 F3 N3 O3",369.12999,370.13727,"01","top","half",155864.200191984,30470.6423521977,2,21545.997834349,NA,"unknown"
21544,"flumethasone","C22 H28 F2 O5",410.19174,411.19902,"01","top","quarter",508043.45418043,319444.26344899,2,225881.204895922,NA,"unknown"
21702,"fomecin a","C8 H8 O5",184.03722,185.0445,"01","middle","quarter",156784.715923804,24404.9288499339,2,17256.8906841635,NA,"unknown"
21746,"fortimicin b","C15 H32 N4 O5",348.23881,349.24628,"01","bottom","half",291472.018122016,57226.8609051615,2,40465.501412059,NA,"unknown"
21777,"fusaric acid","C10 H13 N O2",179.09466,180.10194,"15","bottom","half",1169339.8672083,40050.5964469723,2,28320.04833822,NA,"unknown"
21777,"fusaric acid","C10 H13 N O2",179.09466,180.10194,"29","middle","quarter",878941.799145913,83103.6254457171,2,58763.1370938535,NA,"unknown"
21779,"fusaric acid","C10 H13 N O2",179.09466,180.10194,"01","bottom","half",123116.360862686,10987.6220865513,2,7769.4220865155,NA,"unknown"
21779,"fusaric acid","C10 H13 N O2",179.09466,180.10194,"01","middle","half",149107.158744728,17215.1600722382,2,12172.9564262915,NA,"unknown"
21782,"fusaric acid","C10 H13 N O2",179.09465,180.10193,"29","top","half",224521.683209359,26108.9688703112,2,18461.8289379855,NA,"unknown"
21782,"fusaric acid","C10 H13 N O2",179.09465,180.10193,"29","top","quarter",193779.125452115,1914.21491746152,2,1353.55434878549,NA,"unknown"
21965,"gliorosein","C10 H14 O4",198.08923,199.0965,"04","bottom","half",404842.161626165,8930.76030543044,2,6315.0011731215,NA,"unknown"
21965,"gliorosein","C10 H14 O4",198.08923,199.0965,"29","top","half",323866.539097216,86266.2631996606,2,60999.4596961035,NA,"unknown"
21971,"gliorosein","C10 H14 O4",198.08927,199.09653,"01","top","half",193124.274341635,13678.7584789775,2,9672.34287869799,NA,"unknown"
22101,"guamecycline","C29 H38 N8 O8",626.28168,644.31551,"01","bottom","quarter",318768.937496844,36435.0473127546,2,25763.4690277015,NA,"unknown"
22101,"guamecycline","C29 H38 N8 O8",626.28168,644.31551,"01","middle","half",248747.582235347,12657.4744159762,2,8950.185992232,NA,"unknown"
22101,"guamecycline","C29 H38 N8 O8",626.28168,644.31551,"01","middle","quarter",272412.886788309,36681.1413601996,2,25937.4837974595,NA,"unknown"
22101,"guamecycline","C29 H38 N8 O8",626.28168,644.31551,"01","top","quarter",246801.079996033,43221.4824600998,2,30562.203340472,NA,"unknown"
22101,"guamecycline","C29 H38 N8 O8",626.28168,644.31551,"04","bottom","half",643761.727162224,46376.8320022178,2,32793.3723987175,NA,"unknown"
22101,"guamecycline","C29 H38 N8 O8",626.28168,644.31551,"15","bottom","half",434903.665439598,74861.930969212,2,52935.379041049,NA,"unknown"
22101,"guamecycline","C29 H38 N8 O8",626.28168,644.31551,"18","bottom","half",289613.764423377,18861.1644978115,2,13336.8573174775,NA,"unknown"
22101,"guamecycline","C29 H38 N8 O8",626.28168,644.31551,"29","bottom","half",337930.889744876,41668.5755198617,2,29464.132312478,NA,"unknown"
22101,"guamecycline","C29 H38 N8 O8",626.28168,644.31551,"29","middle","quarter",371429.823849699,31446.8020633445,2,22236.246985622,NA,"unknown"
22350,"honokiol","C18 H18 O2",266.13084,267.13813,"29","middle","quarter",1974950.53069641,300152.628285546,2,212239.958851675,NA,"unknown"
23081,"k 252a","C27 H21 N3 O5",467.14949,468.15677,"01","bottom","quarter",719693.480631273,19884.0983775464,2,14060.1808005435,NA,"unknown"
23094,"kalamycin","C16 H12 O6",300.06348,301.07076,"01","middle","quarter",183946.515921757,15288.7114177108,2,10810.7515190675,NA,"unknown"
23094,"kalamycin","C16 H12 O6",300.06348,301.07076,"29","top","quarter",324123.826038936,28677.1487102623,2,20277.8063181215,NA,"unknown"
23095,"kalamycin","C16 H12 O6",300.0636,301.07088,"04","bottom","half",141921.794358073,4109.4438148386,2,2905.81558837749,NA,"unknown"
23095,"kalamycin","C16 H12 O6",300.0636,301.07088,"29","bottom","half",179139.808081808,2460.58414524876,2,1739.8957347855,NA,"unknown"
23095,"kalamycin","C16 H12 O6",300.0636,301.07088,"29","middle","quarter",204391.369297809,28262.9701123742,2,19984.9378229325,NA,"unknown"
23095,"kalamycin","C16 H12 O6",300.0636,301.07088,"29","top","half",178256.987565918,33262.9861730188,2,23520.483085456,NA,"unknown"
23095,"kalamycin","C16 H12 O6",300.0636,301.07088,"29","top","quarter",304067.746061717,2969.57454003123,2,2099.80629449501,NA,"unknown"
23314,"leucomycin a1","C40 H67 N O14",785.45563,786.46291,"29","bottom","half",1131559.84585595,52780.1329500247,2,37321.18992089,NA,"unknown"
23314,"leucomycin a1","C40 H67 N O14",785.45563,786.46291,"29","top","half",4362167.93476699,179235.316907913,2,126738.508013705,NA,"unknown"
24553,"mevastatin","C23 H34 O5",390.24048,391.24761,"01","top","quarter",635247.389532561,17717.3522981304,2,12528.059954679,NA,"unknown"
24553,"mevastatin","C23 H34 O5",390.24048,391.24761,"15","bottom","half",720752.896706539,283022.539206193,2,200127.156701335,NA,"unknown"
24627,"milbemycin a3","C31 H44 O7",528.30639,529.31366,"01","middle","half",686863.424608851,55994.473619639,2,39594.072005418,NA,"unknown"
24892,"mucidin","C16 H18 O3",258.12572,259.133,"25","bottom","half",321636.357061461,17413.4429353331,2,12313.163583379,NA,"unknown"
25306,"n 3 chloro 2 methylphenyl 1 cyclohexyl 5 oxopyrrolidine 3 carboxamide","C18 H23 Cl N2 O2",334.14566,335.15294,"15","bottom","half",305355.329968595,42370.1862323746,2,29960.246005049,NA,"unknown"
25306,"n 3 chloro 2 methylphenyl 1 cyclohexyl 5 oxopyrrolidine 3 carboxamide","C18 H23 Cl N2 O2",334.14566,335.15294,"29","bottom","half",397399.819001492,8279.42867457946,2,5854.44016014549,NA,"unknown"
25310,"n 3 chloro 2 methylphenyl 1 cyclohexyl 5 oxopyrrolidine 3 carboxamide","C18 H23 Cl N2 O2",334.14481,335.15209,"29","middle","half",135248.337829145,19860.0020336294,2,14043.142112358,NA,"unknown"
25926,"n allyl 6 diazo 5 oxonorleucyl 6 diazo 5 oxonorleucine","C15 H20 N6 O5",364.14935,365.15663,"01","bottom","quarter",263117.62440234,16108.2352727156,2,11390.2423942855,NA,"unknown"
25926,"n allyl 6 diazo 5 oxonorleucyl 6 diazo 5 oxonorleucine","C15 H20 N6 O5",364.14935,365.15663,"01","middle","half",242023.918657289,19045.7824409869,2,13467.4019170255,NA,"unknown"
25926,"n allyl 6 diazo 5 oxonorleucyl 6 diazo 5 oxonorleucine","C15 H20 N6 O5",364.14935,365.15663,"01","top","half",282298.447833465,25609.9131003717,2,18108.943218871,NA,"unknown"
25926,"n allyl 6 diazo 5 oxonorleucyl 6 diazo 5 oxonorleucine","C15 H20 N6 O5",364.14935,365.15663,"04","bottom","half",241326.138889327,18546.3867713308,2,13114.2758525165,NA,"unknown"
25926,"n allyl 6 diazo 5 oxonorleucyl 6 diazo 5 oxonorleucine","C15 H20 N6 O5",364.14935,365.15663,"08","bottom","half",189827.336610937,50406.1686661351,2,35642.543677457,NA,"unknown"
25926,"n allyl 6 diazo 5 oxonorleucyl 6 diazo 5 oxonorleucine","C15 H20 N6 O5",364.14935,365.15663,"11","bottom","half",157439.131310378,23483.9756018916,2,16605.678397317,NA,"unknown"
25926,"n allyl 6 diazo 5 oxonorleucyl 6 diazo 5 oxonorleucine","C15 H20 N6 O5",364.14935,365.15663,"15","bottom","half",221643.681171064,13917.3406599714,2,9841.045956749,NA,"unknown"
25926,"n allyl 6 diazo 5 oxonorleucyl 6 diazo 5 oxonorleucine","C15 H20 N6 O5",364.14935,365.15663,"18","bottom","half",162845.237539233,14224.9269032004,2,10058.542275136,NA,"unknown"
25926,"n allyl 6 diazo 5 oxonorleucyl 6 diazo 5 oxonorleucine","C15 H20 N6 O5",364.14935,365.15663,"29","bottom","half",256437.681650302,4433.14841324581,2,3134.7093050125,NA,"unknown"
25926,"n allyl 6 diazo 5 oxonorleucyl 6 diazo 5 oxonorleucine","C15 H20 N6 O5",364.14935,365.15663,"29","middle","half",285216.256164009,14910.2376805923,2,10543.13017305,NA,"unknown"
25926,"n allyl 6 diazo 5 oxonorleucyl 6 diazo 5 oxonorleucine","C15 H20 N6 O5",364.14935,365.15663,"29","middle","quarter",270194.376247889,54837.8805460178,2,38776.237199987,NA,"unknown"
25926,"n allyl 6 diazo 5 oxonorleucyl 6 diazo 5 oxonorleucine","C15 H20 N6 O5",364.14935,365.15663,"29","top","quarter",244997.561273042,85724.9172462337,2,60616.6703014675,NA,"unknown"
26311,"n methyl 1 deoxynojirimycin","C7 H15 N O4",177.10012,178.1074,"04","bottom","half",174840.312022199,26884.2842060099,2,19010.059669416,NA,"unknown"
27317,"n2 4s 4as 6s 12as 4 dimethylamino 3 6 10 12 12a pentahydroxy 6 methyl 1 11 dioxo 1 4 4a 5 5a 6 11 12a octahydro 2 tetracenyl carbonyl amino methyl l lysine","C29 H38 N4 O10",602.25741,620.29129,"01","bottom","half",1758159.5088657,321170.06757952,2,227101.53269962,NA,"unknown"
27317,"n2 4s 4as 6s 12as 4 dimethylamino 3 6 10 12 12a pentahydroxy 6 methyl 1 11 dioxo 1 4 4a 5 5a 6 11 12a octahydro 2 tetracenyl carbonyl amino methyl l lysine","C29 H38 N4 O10",602.25741,620.29129,"01","bottom","quarter",1273159.60589752,145602.836819533,2,102956.75327509,NA,"unknown"
27317,"n2 4s 4as 6s 12as 4 dimethylamino 3 6 10 12 12a pentahydroxy 6 methyl 1 11 dioxo 1 4 4a 5 5a 6 11 12a octahydro 2 tetracenyl carbonyl amino methyl l lysine","C29 H38 N4 O10",602.25741,620.29129,"01","top","half",1131483.44252919,249433.016474266,2,176375.77740077,NA,"unknown"
27317,"n2 4s 4as 6s 12as 4 dimethylamino 3 6 10 12 12a pentahydroxy 6 methyl 1 11 dioxo 1 4 4a 5 5a 6 11 12a octahydro 2 tetracenyl carbonyl amino methyl l lysine","C29 H38 N4 O10",602.25741,620.29129,"04","bottom","half",2559548.98354028,276623.950782366,2,195602.671436825,NA,"unknown"
27317,"n2 4s 4as 6s 12as 4 dimethylamino 3 6 10 12 12a pentahydroxy 6 methyl 1 11 dioxo 1 4 4a 5 5a 6 11 12a octahydro 2 tetracenyl carbonyl amino methyl l lysine","C29 H38 N4 O10",602.25741,620.29129,"08","bottom","half",2377220.09782295,489531.812339223,2,346151.264111605,NA,"unknown"
27317,"n2 4s 4as 6s 12as 4 dimethylamino 3 6 10 12 12a pentahydroxy 6 methyl 1 11 dioxo 1 4 4a 5 5a 6 11 12a octahydro 2 tetracenyl carbonyl amino methyl l lysine","C29 H38 N4 O10",602.25741,620.29129,"11","bottom","half",1007274.94056884,347297.439066818,2,245576.374252869,NA,"unknown"
27317,"n2 4s 4as 6s 12as 4 dimethylamino 3 6 10 12 12a pentahydroxy 6 methyl 1 11 dioxo 1 4 4a 5 5a 6 11 12a octahydro 2 tetracenyl carbonyl amino methyl l lysine","C29 H38 N4 O10",602.25741,620.29129,"15","bottom","half",2076632.08582124,217480.342202834,2,153781.824746395,NA,"unknown"
27317,"n2 4s 4as 6s 12as 4 dimethylamino 3 6 10 12 12a pentahydroxy 6 methyl 1 11 dioxo 1 4 4a 5 5a 6 11 12a octahydro 2 tetracenyl carbonyl amino methyl l lysine","C29 H38 N4 O10",602.25741,620.29129,"18","bottom","half",1944416.11013655,222769.380415259,2,157521.739532355,NA,"unknown"
27317,"n2 4s 4as 6s 12as 4 dimethylamino 3 6 10 12 12a pentahydroxy 6 methyl 1 11 dioxo 1 4 4a 5 5a 6 11 12a octahydro 2 tetracenyl carbonyl amino methyl l lysine","C29 H38 N4 O10",602.25741,620.29129,"29","top","half",2454186.00701393,318002.878983864,2,224861.992166335,NA,"unknown"
27633,"nanafrocin","C16 H14 O6",302.07925,303.08653,"25","bottom","half",127382.955291865,27591.2895043499,2,19509.987910207,NA,"unknown"
27633,"nanafrocin","C16 H14 O6",302.07925,303.08653,"29","bottom","half",1962912.43549571,829366.414963688,2,586450.6161092,NA,"unknown"
27634,"nanafrocin","C16 H14 O6",302.07923,303.08651,"04","bottom","half",340357.628205479,3750.12415418118,2,2651.73821971298,NA,"unknown"
27634,"nanafrocin","C16 H14 O6",302.07923,303.08651,"15","bottom","half",278057.046322859,90677.4022294355,2,64118.606016814,NA,"unknown"
27789,"nicarbazin","C19 H18 N6 O6",426.12926,427.13653,"11","bottom","half",600562.97267995,31447.3139877506,2,22236.608970841,NA,"unknown"
27789,"nicarbazin","C19 H18 N6 O6",426.12926,427.13653,"15","bottom","half",674775.742999347,89694.7737129686,2,63423.782729433,NA,"unknown"
27790,"nicarbazin","C19 H18 N6 O6",426.12905,427.13633,"01","bottom","half",336804.273669991,46861.2362674643,2,33135.897939509,NA,"unknown"
27790,"nicarbazin","C19 H18 N6 O6",426.12905,427.13633,"01","bottom","quarter",274147.573546652,7680.30810572761,2,5430.797943162,NA,"unknown"
27790,"nicarbazin","C19 H18 N6 O6",426.12905,427.13633,"01","middle","half",285105.680858609,14298.1765686747,2,10110.3376103125,NA,"unknown"
27790,"nicarbazin","C19 H18 N6 O6",426.12905,427.13633,"01","top","half",304151.950031313,30248.4716623573,2,21388.899432982,NA,"unknown"
27790,"nicarbazin","C19 H18 N6 O6",426.12905,427.13633,"01","top","quarter",213136.984584077,7481.2848928497,2,5290.0672797225,NA,"unknown"
27790,"nicarbazin","C19 H18 N6 O6",426.12905,427.13633,"11","bottom","half",314451.082040749,3681.96076359382,2,2603.53942399999,NA,"unknown"
27790,"nicarbazin","C19 H18 N6 O6",426.12905,427.13633,"15","bottom","half",379375.808415217,50516.9606402483,2,35720.8854336535,NA,"unknown"
27791,"nicarbazin","C19 H18 N6 O6",426.1291,427.13638,"01","top","half",172819.29909807,12085.0885276655,2,8545.44804915199,NA,"unknown"
27791,"nicarbazin","C19 H18 N6 O6",426.1291,427.13638,"04","bottom","half",145356.126231465,17724.337582467,2,12532.999296602,NA,"unknown"
27792,"nicarbazin","C19 H18 N6 O6",426.12906,427.13634,"15","bottom","half",138230.22395853,3774.29070548034,2,2668.82655201451,NA,"unknown"
31431,"pirlimycin","C17 H31 Cl N2 O5 S",410.16472,411.172,"01","bottom","half",1352754.94091056,323178.442155856,2,228521.66798171,NA,"unknown"
31431,"pirlimycin","C17 H31 Cl N2 O5 S",410.16472,411.172,"01","bottom","quarter",995039.068849317,95048.584430789,2,67209.498593193,NA,"unknown"
31431,"pirlimycin","C17 H31 Cl N2 O5 S",410.16472,411.172,"01","middle","half",1142739.07453573,79382.9677656582,2,56132.23481781,NA,"unknown"
31431,"pirlimycin","C17 H31 Cl N2 O5 S",410.16472,411.172,"01","middle","quarter",1172737.69168189,654560.802599062,2,462844.382216706,NA,"unknown"
31431,"pirlimycin","C17 H31 Cl N2 O5 S",410.16472,411.172,"01","top","half",1416321.33408163,43304.2193467973,2,30620.7071541101,NA,"unknown"
31431,"pirlimycin","C17 H31 Cl N2 O5 S",410.16472,411.172,"01","top","quarter",1332236.79667579,358704.912755482,2,253642.67625433,NA,"unknown"
31431,"pirlimycin","C17 H31 Cl N2 O5 S",410.16472,411.172,"08","bottom","half",1727097.05796412,117207.673700339,2,82878.34088061,NA,"unknown"
31431,"pirlimycin","C17 H31 Cl N2 O5 S",410.16472,411.172,"11","bottom","half",1076167.20328327,302908.34036983,2,214188.54155347,NA,"unknown"
31431,"pirlimycin","C17 H31 Cl N2 O5 S",410.16472,411.172,"15","bottom","half",995303.548887281,187047.688977523,2,132262.689281278,NA,"unknown"
31431,"pirlimycin","C17 H31 Cl N2 O5 S",410.16472,411.172,"18","bottom","half",1165764.05682887,144270.63055749,2,102014.74119326,NA,"unknown"
31431,"pirlimycin","C17 H31 Cl N2 O5 S",410.16472,411.172,"22","bottom","half",1053960.92412076,124687.241824956,2,88167.1942218731,NA,"unknown"
31431,"pirlimycin","C17 H31 Cl N2 O5 S",410.16472,411.172,"25","bottom","half",1293163.74862443,225195.914150568,2,159237.55799137,NA,"unknown"
31431,"pirlimycin","C17 H31 Cl N2 O5 S",410.16472,411.172,"29","bottom","half",1856512.39914633,456736.638034711,2,322961.57397069,NA,"unknown"
31431,"pirlimycin","C17 H31 Cl N2 O5 S",410.16472,411.172,"29","bottom","quarter",2867122.98409055,29318.6293985003,2,20731.4016627748,NA,"unknown"
31431,"pirlimycin","C17 H31 Cl N2 O5 S",410.16472,411.172,"29","middle","half",1251831.82383714,141944.322670441,2,100369.7931112,NA,"unknown"
31431,"pirlimycin","C17 H31 Cl N2 O5 S",410.16472,411.172,"29","middle","quarter",1115556.13490376,24100.9828527001,2,17041.968408405,NA,"unknown"
31431,"pirlimycin","C17 H31 Cl N2 O5 S",410.16472,411.172,"29","top","half",720779.798595804,27753.8214153508,2,19624.915326635,NA,"unknown"
31431,"pirlimycin","C17 H31 Cl N2 O5 S",410.16472,411.172,"29","top","quarter",2955470.42728123,1121320.36478658,2,792893.233823165,NA,"unknown"
31432,"pirlimycin","C17 H31 Cl N2 O5 S",410.16474,411.17202,"01","middle","half",1001185.77953817,74720.4850873146,2,52835.3616987885,NA,"unknown"
31432,"pirlimycin","C17 H31 Cl N2 O5 S",410.16474,411.17202,"01","middle","quarter",800502.641016653,5005.9095925905,2,3539.71261892753,NA,"unknown"
31432,"pirlimycin","C17 H31 Cl N2 O5 S",410.16474,411.17202,"01","top","half",948619.454452687,265210.303359103,2,187532.003945763,NA,"unknown"
31432,"pirlimycin","C17 H31 Cl N2 O5 S",410.16474,411.17202,"01","top","quarter",971948.201616507,95926.548095893,2,67830.3126544235,NA,"unknown"
31432,"pirlimycin","C17 H31 Cl N2 O5 S",410.16474,411.17202,"18","bottom","half",805318.937431616,91583.5439319564,2,64759.3449593825,NA,"unknown"
31432,"pirlimycin","C17 H31 Cl N2 O5 S",410.16474,411.17202,"22","bottom","half",846387.802844733,83200.1285529565,2,58831.375095388,NA,"unknown"
31432,"pirlimycin","C17 H31 Cl N2 O5 S",410.16474,411.17202,"29","bottom","half",1548162.65468348,260330.118807015,2,184081.19235554,NA,"unknown"
31432,"pirlimycin","C17 H31 Cl N2 O5 S",410.16474,411.17202,"29","bottom","quarter",2437429.24752983,256026.709114778,2,181038.222179935,NA,"unknown"
31432,"pirlimycin","C17 H31 Cl N2 O5 S",410.16474,411.17202,"29","middle","half",1315488.00666277,40513.6290459606,2,28647.461828875,NA,"unknown"
31432,"pirlimycin","C17 H31 Cl N2 O5 S",410.16474,411.17202,"29","top","quarter",1983788.2846336,98816.0544613574,2,69873.502199725,NA,"unknown"
31433,"pirlimycin","C17 H31 Cl N2 O5 S",410.16475,411.17203,"01","bottom","quarter",762376.66027981,51880.9393588721,2,36685.3640349865,NA,"unknown"
31433,"pirlimycin","C17 H31 Cl N2 O5 S",410.16475,411.17203,"01","middle","quarter",607622.791606911,225.209918343245,2,159.247460450977,NA,"unknown"
31433,"pirlimycin","C17 H31 Cl N2 O5 S",410.16475,411.17203,"01","top","quarter",737371.866970964,12049.1090362634,2,8520.00670679798,NA,"unknown"
31433,"pirlimycin","C17 H31 Cl N2 O5 S",410.16475,411.17203,"08","bottom","half",1133625.70146987,122022.450444365,2,86282.9021662099,NA,"unknown"
31433,"pirlimycin","C17 H31 Cl N2 O5 S",410.16475,411.17203,"11","bottom","half",839878.024819358,27510.9306074614,2,19453.1655892885,NA,"unknown"
31433,"pirlimycin","C17 H31 Cl N2 O5 S",410.16475,411.17203,"15","bottom","half",820033.924114245,161500.773781793,2,114198.29230798,NA,"unknown"
31433,"pirlimycin","C17 H31 Cl N2 O5 S",410.16475,411.17203,"22","bottom","half",621855.099135228,45805.181844404,2,32389.154695661,NA,"unknown"
31433,"pirlimycin","C17 H31 Cl N2 O5 S",410.16475,411.17203,"29","bottom","half",1074284.09519347,21233.4243071611,2,15014.2983154049,NA,"unknown"
31433,"pirlimycin","C17 H31 Cl N2 O5 S",410.16475,411.17203,"29","bottom","quarter",2322937.49558029,11823.8989500855,2,8360.75912766997,NA,"unknown"
31433,"pirlimycin","C17 H31 Cl N2 O5 S",410.16475,411.17203,"29","top","quarter",1774978.96169748,278607.136141029,2,197004.995252285,NA,"unknown"
31434,"pirlimycin","C17 H31 Cl N2 O5 S",410.16482,411.1721,"29","bottom","quarter",703787.780567889,66020.4373502261,2,46683.4989472465,NA,"unknown"
31435,"pirlimycin","C17 H31 Cl N2 O5 S",410.16409,411.17134,"29","top","quarter",192470.034611377,6358.53355584541,2,4496.1621957405,NA,"unknown"
31473,"piromidic acid","C14 H16 N4 O3",288.1224,289.12969,"01","bottom","half",564617.397113654,13900.3339459439,2,9829.02039393451,NA,"unknown"
31473,"piromidic acid","C14 H16 N4 O3",288.1224,289.12969,"01","bottom","quarter",535152.37916177,59948.6657658333,2,42390.1080861065,NA,"unknown"
31473,"piromidic acid","C14 H16 N4 O3",288.1224,289.12969,"01","middle","half",680229.150686189,102868.500941779,2,72739.0145864265,NA,"unknown"
31473,"piromidic acid","C14 H16 N4 O3",288.1224,289.12969,"01","top","half",1346713.85908351,75609.5050983751,2,53463.9937772199,NA,"unknown"
31473,"piromidic acid","C14 H16 N4 O3",288.1224,289.12969,"01","top","quarter",394543.745602414,1684.80704070241,2,1191.33848347151,NA,"unknown"
31473,"piromidic acid","C14 H16 N4 O3",288.1224,289.12969,"04","bottom","half",1027670.34474989,159324.125041921,2,112659.169223756,NA,"unknown"
31473,"piromidic acid","C14 H16 N4 O3",288.1224,289.12969,"08","bottom","half",996779.032907691,70556.7588924123,2,49891.162671369,NA,"unknown"
31473,"piromidic acid","C14 H16 N4 O3",288.1224,289.12969,"11","bottom","half",935978.752057598,89920.0595935215,2,63583.0839032775,NA,"unknown"
31473,"piromidic acid","C14 H16 N4 O3",288.1224,289.12969,"15","bottom","half",797929.395784869,26494.0236813153,2,18734.103805975,NA,"unknown"
31473,"piromidic acid","C14 H16 N4 O3",288.1224,289.12969,"18","bottom","half",800722.081137706,65570.4718865686,2,46365.3253165945,NA,"unknown"
31473,"piromidic acid","C14 H16 N4 O3",288.1224,289.12969,"22","bottom","half",388666.475153037,21449.874474475,2,15167.3516965015,NA,"unknown"
31473,"piromidic acid","C14 H16 N4 O3",288.1224,289.12969,"29","middle","quarter",744276.90601197,338.003214496045,2,239.004365033004,NA,"unknown"
31473,"piromidic acid","C14 H16 N4 O3",288.1224,289.12969,"29","top","half",660395.503091168,3608.4053466811,2,2551.527889908,NA,"unknown"
31473,"piromidic acid","C14 H16 N4 O3",288.1224,289.12969,"29","top","quarter",589725.822829337,23645.4690579724,2,16719.871515229,NA,"unknown"
31502,"pleuromutilin","C22 H34 O5",378.2415,379.24878,"29","top","half",177468.159607171,60852.6426429201,2,43029.3162659305,NA,"unknown"
32141,"quindoxin","C8 H6 N2 O2",162.04299,163.05024,"29","top","half",714590.894414746,70188.7427778528,2,49630.935981178,NA,"unknown"
32141,"quindoxin","C8 H6 N2 O2",162.04299,163.05024,"29","top","quarter",499499.77878018,19037.667929712,2,13461.664091077,NA,"unknown"
32142,"quindoxin","C8 H6 N2 O2",162.04296,163.05023,"29","top","half",383107.845424162,67340.3579668151,2,47616.8237658645,NA,"unknown"
32142,"quindoxin","C8 H6 N2 O2",162.04296,163.05023,"29","top","quarter",714472.192670968,35721.4124430299,2,25258.852972028,NA,"unknown"
32143,"quindoxin","C8 H6 N2 O2",162.04296,163.05024,"01","bottom","quarter",623278.293798712,44929.0435363794,2,31769.6313567995,NA,"unknown"
32143,"quindoxin","C8 H6 N2 O2",162.04296,163.05024,"01","top","quarter",516373.580647362,29665.9392049854,2,20976.986782113,NA,"unknown"
32143,"quindoxin","C8 H6 N2 O2",162.04296,163.05024,"04","bottom","half",889928.056965016,155927.064225532,2,110257.084484384,NA,"unknown"
32143,"quindoxin","C8 H6 N2 O2",162.04296,163.05024,"29","top","half",806782.057478598,38414.0361195107,2,27162.825432851,NA,"unknown"
32202,"r flecainide","C17 H20 F6 N2 O3",414.13787,415.14514,"08","bottom","half",2589401.2111018,225041.922456891,2,159128.669420525,NA,"unknown"
32202,"r flecainide","C17 H20 F6 N2 O3",414.13787,415.14514,"11","bottom","half",2372277.61143931,53588.8064800755,2,37893.008457755,NA,"unknown"
32202,"r flecainide","C17 H20 F6 N2 O3",414.13787,415.14514,"15","bottom","half",2877084.80424292,148064.169574063,2,104697.178356575,NA,"unknown"
32202,"r flecainide","C17 H20 F6 N2 O3",414.13787,415.14514,"18","bottom","half",1896354.41076266,143819.43758778,2,101695.699584755,NA,"unknown"
32202,"r flecainide","C17 H20 F6 N2 O3",414.13787,415.14514,"22","bottom","half",1115535.73216701,163197.301747133,2,115397.918736745,NA,"unknown"
32202,"r flecainide","C17 H20 F6 N2 O3",414.13787,415.14514,"29","bottom","half",2031322.86992623,86080.1253953212,2,60867.8403924199,NA,"unknown"
32202,"r flecainide","C17 H20 F6 N2 O3",414.13787,415.14514,"29","middle","quarter",2317661.04944578,4681.13198959931,2,3310.06017347495,NA,"unknown"
32202,"r flecainide","C17 H20 F6 N2 O3",414.13787,415.14514,"29","top","half",2302579.08913529,198193.426404106,2,140143.91579694,NA,"unknown"
32202,"r flecainide","C17 H20 F6 N2 O3",414.13787,415.14514,"29","top","quarter",2473143.81081646,170567.808675669,2,120609.654166695,NA,"unknown"
32340,"resorcinomycin b","C13 H18 N4 O5",310.12654,333.11574,"18","bottom","half",458426.978038047,9138.50722920127,2,6461.9004316905,NA,"unknown"
32497,"rimonabant","C22 H21 Cl3 N4 O",462.07979,463.08707,"01","middle","quarter",1141723.90106093,74928.6106061147,2,52982.5286644699,NA,"unknown"
32497,"rimonabant","C22 H21 Cl3 N4 O",462.07979,463.08707,"22","bottom","half",188338.386969607,3503.09483544044,2,2477.06211327951,NA,"unknown"
32497,"rimonabant","C22 H21 Cl3 N4 O",462.07979,463.08707,"29","bottom","half",613397.270394116,12270.0784554463,2,8676.25568153703,NA,"unknown"
32565,"roridin a","C29 H40 O9",532.26516,533.27243,"29","middle","half",555695.290794758,89558.9556131346,2,63327.7448300325,NA,"unknown"
32566,"roridin a","C29 H40 O9",532.26469,533.27197,"29","middle","half",375367.25737845,22264.1211368063,2,15743.1110329945,NA,"unknown"
32570,"rosoxacin","C17 H14 N2 O3",294.10063,295.10791,"01","bottom","half",167711.804274135,20292.0379316898,2,14348.6376255925,NA,"unknown"
32570,"rosoxacin","C17 H14 N2 O3",294.10063,295.10791,"18","bottom","half",141846.761732073,1608.24373349274,2,1137.20004975349,NA,"unknown"
32582,"rpr128515","C27 H30 N4 O3",458.23154,459.23882,"25","bottom","half",305434.391111065,232315.115349575,2,164271.59343582,NA,"unknown"
32898,"sisomicin sisomycin","C19 H37 N5 O7",447.26771,448.27498,"29","middle","half",6003007.86951713,516048.011282333,2,364901.04819557,NA,"unknown"
32898,"sisomicin sisomycin","C19 H37 N5 O7",447.26771,448.27498,"29","middle","quarter",8649458.9596411,1510651.90979088,2,1068192.20942554,NA,"unknown"
32924,"sordarin","C27 H40 O8",492.27357,493.28079,"01","bottom","half",403388.087922374,10763.8121122863,2,7611.16453601551,NA,"unknown"
32924,"sordarin","C27 H40 O8",492.27357,493.28079,"01","bottom","quarter",749060.083234838,4865.35504034063,2,3440.32554190501,NA,"unknown"
32924,"sordarin","C27 H40 O8",492.27357,493.28079,"01","middle","half",776778.295954135,126928.073206421,2,89751.701287203,NA,"unknown"
32924,"sordarin","C27 H40 O8",492.27357,493.28079,"01","middle","quarter",675009.273565665,53892.2510388831,2,38107.576163002,NA,"unknown"
32924,"sordarin","C27 H40 O8",492.27357,493.28079,"01","top","half",841266.247857297,30035.3155388577,2,21238.175292604,NA,"unknown"
32924,"sordarin","C27 H40 O8",492.27357,493.28079,"01","top","quarter",808208.436473157,64237.3670458545,2,45422.677843693,NA,"unknown"
32924,"sordarin","C27 H40 O8",492.27357,493.28079,"04","bottom","half",1084253.01944025,381433.988104567,2,269714.559563769,NA,"unknown"
32924,"sordarin","C27 H40 O8",492.27357,493.28079,"08","bottom","half",819157.936611696,487743.51244473,2,344886.745129414,NA,"unknown"
32924,"sordarin","C27 H40 O8",492.27357,493.28079,"11","bottom","half",792203.543469603,430685.855436455,2,304540.888940246,NA,"unknown"
32924,"sordarin","C27 H40 O8",492.27357,493.28079,"15","bottom","half",445343.383213226,381251.398415423,2,269585.4491564,NA,"unknown"
32924,"sordarin","C27 H40 O8",492.27357,493.28079,"18","bottom","half",748946.75675508,54374.9979059775,2,38448.929746321,NA,"unknown"
32924,"sordarin","C27 H40 O8",492.27357,493.28079,"22","bottom","half",330504.636924761,137462.704970624,2,97200.810844974,NA,"unknown"
32924,"sordarin","C27 H40 O8",492.27357,493.28079,"25","bottom","half",955831.397186859,250489.561257867,2,177122.867381881,NA,"unknown"
32924,"sordarin","C27 H40 O8",492.27357,493.28079,"29","bottom","half",602205.647424516,11781.8111961708,2,8330.99859147199,NA,"unknown"
32924,"sordarin","C27 H40 O8",492.27357,493.28079,"29","middle","quarter",698245.0037731,44857.7922197883,2,31719.2490676694,NA,"unknown"
32924,"sordarin","C27 H40 O8",492.27357,493.28079,"29","top","half",1033729.41065119,179204.945592182,2,126717.032250398,NA,"unknown"
32924,"sordarin","C27 H40 O8",492.27357,493.28079,"29","top","quarter",366343.370380506,107504.634684803,2,76017.256194607,NA,"unknown"
32926,"sordarin","C27 H40 O8",492.27346,515.26266,"29","bottom","quarter",1219367.57369569,23158.2483812794,2,16375.354470805,NA,"unknown"
32943,"sphingofungin c","C22 H41 N O7",431.28823,432.29551,"29","middle","quarter",450653.458264039,52544.7742447592,2,37154.7661843855,NA,"unknown"
33334,"tazobactam","C10 H12 N4 O5 S",300.05235,301.05963,"04","bottom","half",1583525.62680817,60069.5596036776,2,42475.5929386499,NA,"unknown"
33334,"tazobactam","C10 H12 N4 O5 S",300.05235,301.05963,"25","bottom","half",140861.152890178,4163.75777347235,2,2944.2213568405,NA,"unknown"
33334,"tazobactam","C10 H12 N4 O5 S",300.05235,301.05963,"29","middle","half",242655.29848989,1241.50699686812,2,877.878016375995,NA,"unknown"
33334,"tazobactam","C10 H12 N4 O5 S",300.05235,301.05963,"29","top","half",1317207.55135021,8607.45902078882,2,6086.39264238509,NA,"unknown"
33622,"thiabendazole","C10 H7 N3 S",201.03608,202.04336,"01","bottom","half",5297618.68196649,262303.331791968,2,185476.464637925,NA,"unknown"
33622,"thiabendazole","C10 H7 N3 S",201.03608,202.04336,"01","bottom","quarter",6234244.62737357,160147.736617286,2,113241.55055376,NA,"unknown"
33622,"thiabendazole","C10 H7 N3 S",201.03608,202.04336,"01","middle","half",5840531.02512737,210311.971091502,2,148713.02092351,NA,"unknown"
33622,"thiabendazole","C10 H7 N3 S",201.03608,202.04336,"01","middle","quarter",5289546.25492262,179953.056811649,2,127246.026766765,NA,"unknown"
33622,"thiabendazole","C10 H7 N3 S",201.03608,202.04336,"01","top","half",6384069.59740997,203730.645392156,2,144059.320892305,NA,"unknown"
33622,"thiabendazole","C10 H7 N3 S",201.03608,202.04336,"01","top","quarter",5780371.36857441,188661.297989816,2,133403.683156055,NA,"unknown"
33622,"thiabendazole","C10 H7 N3 S",201.03608,202.04336,"04","bottom","half",5508381.55219255,150041.361542218,2,106095.264204965,NA,"unknown"
33622,"thiabendazole","C10 H7 N3 S",201.03608,202.04336,"08","bottom","half",5508606.10209326,491941.113577568,2,347854.89735516,NA,"unknown"
33622,"thiabendazole","C10 H7 N3 S",201.03608,202.04336,"11","bottom","half",5334605.59665248,54467.2984275612,2,38514.1960710399,NA,"unknown"
33622,"thiabendazole","C10 H7 N3 S",201.03608,202.04336,"15","bottom","half",5988453.27151952,301618.490973739,2,213276.480298785,NA,"unknown"
33622,"thiabendazole","C10 H7 N3 S",201.03608,202.04336,"18","bottom","half",4231001.67091792,65474.2440876424,2,46297.2819874352,NA,"unknown"
33622,"thiabendazole","C10 H7 N3 S",201.03608,202.04336,"22","bottom","half",1900049.20238687,194942.321047143,2,137845.03715268,NA,"unknown"
33622,"thiabendazole","C10 H7 N3 S",201.03608,202.04336,"25","bottom","half",5298641.22306831,151484.426177114,2,107115.66499399,NA,"unknown"
33622,"thiabendazole","C10 H7 N3 S",201.03608,202.04336,"29","bottom","half",4839732.06903445,167427.374478999,2,118389.03185036,NA,"unknown"
33622,"thiabendazole","C10 H7 N3 S",201.03608,202.04336,"29","bottom","quarter",5277087.86594185,75286.267600304,2,53235.4303504,NA,"unknown"
33622,"thiabendazole","C10 H7 N3 S",201.03608,202.04336,"29","middle","half",4636057.85449629,17964.051931223,2,12702.5029381551,NA,"unknown"
33622,"thiabendazole","C10 H7 N3 S",201.03608,202.04336,"29","middle","quarter",4537282.25070293,291095.636954628,2,205835.698864435,NA,"unknown"
33622,"thiabendazole","C10 H7 N3 S",201.03608,202.04336,"29","top","half",4017598.10193323,19556.8792924454,2,13828.8019665349,NA,"unknown"
33622,"thiabendazole","C10 H7 N3 S",201.03608,202.04336,"29","top","quarter",4535740.76542852,208743.557391107,2,147603.984960255,NA,"unknown"
33690,"thymol","C10 H14 O",150.10452,168.13834,"29","top","quarter",1088221.69065318,79099.3896556751,2,55931.7148132449,NA,"unknown"
33691,"thymol","C10 H14 O",150.10451,151.11179,"01","bottom","quarter",1418725.78679004,349116.814554036,2,246862.866997405,NA,"unknown"
33691,"thymol","C10 H14 O",150.10451,151.11179,"01","middle","quarter",1037083.65741003,151699.35070518,2,107267.639585229,NA,"unknown"
33691,"thymol","C10 H14 O",150.10451,151.11179,"01","top","half",1268544.60600906,321201.581908349,2,227123.81669524,NA,"unknown"
33691,"thymol","C10 H14 O",150.10451,151.11179,"01","top","quarter",958725.255556633,79112.9432540234,2,55941.2986545465,NA,"unknown"
33691,"thymol","C10 H14 O",150.10451,151.11179,"08","bottom","half",1272416.86646778,309295.465753477,2,218704.921224535,NA,"unknown"
33691,"thymol","C10 H14 O",150.10451,151.11179,"25","bottom","half",668250.981355772,25507.2743696672,2,18036.3666763775,NA,"unknown"
33693,"thymol","C10 H14 O",150.10452,151.11179,"01","bottom","quarter",969841.212905613,6150.64217380218,2,4349.16078974749,NA,"unknown"
33695,"thymol","C10 H14 O",150.10452,151.11179,"29","bottom","quarter",451996.141584127,127183.79874582,2,89932.5265502345,NA,"unknown"
33697,"thymol","C10 H14 O",150.10451,151.11179,"29","bottom","quarter",519227.383745629,19005.0878433567,2,13438.6264910835,NA,"unknown"
33700,"thymol","C10 H14 O",150.10451,151.11179,"01","top","quarter",674954.992006799,32758.5260531542,2,23163.7759138615,NA,"unknown"
33700,"thymol","C10 H14 O",150.10451,151.11179,"25","bottom","half",534944.235178565,199364.553435772,2,140972.027662662,NA,"unknown"
33936,"toyocamycin","C12 H13 N5 O4",291.09692,314.08617,"04","bottom","half",407155.868565431,9168.37005639062,2,6483.0166393015,NA,"unknown"
34310,"trospectomycin","C17 H30 N2 O7",374.20714,375.21441,"25","bottom","half",403142.988294701,11224.7520545494,2,7937.09829490952,NA,"unknown"
34314,"trospectomycin","C17 H30 N2 O7",374.20696,375.21423,"11","bottom","half",339617.677265845,26648.8296857172,2,18843.568181456,NA,"unknown"
34314,"trospectomycin","C17 H30 N2 O7",374.20696,375.21423,"29","middle","quarter",308633.480032061,139025.63936231,2,98305.9723518845,NA,"unknown"
34329,"tuberin","C10 H11 N O2",177.07902,178.08629,"11","bottom","half",605629.079542604,101019.50739742,2,71431.57871284,NA,"unknown"
34329,"tuberin","C10 H11 N O2",177.07902,178.08629,"15","bottom","half",3877853.34356778,46393.7656845925,2,32805.3463203551,NA,"unknown"
34331,"tuberin","C10 H11 N O2",177.07901,178.08629,"01","bottom","quarter",649933.878875302,62221.4885020537,2,43997.236455323,NA,"unknown"
34331,"tuberin","C10 H11 N O2",177.07901,178.08629,"11","bottom","half",511103.072229843,45037.3350020496,2,31846.2049865195,NA,"unknown"
34331,"tuberin","C10 H11 N O2",177.07901,178.08629,"18","bottom","half",715067.208139973,464518.913856255,2,328464.473977168,NA,"unknown"
34335,"tuberin","C10 H11 N O2",177.07901,178.08629,"01","middle","quarter",1134577.52034817,25129.9177690775,2,17769.535265175,NA,"unknown"
34752,"xenysalate","C19 H23 N O3",313.16799,314.17527,"01","top","quarter",2685563.14532443,116440.776883241,2,82336.0629407698,NA,"unknown"
34752,"xenysalate","C19 H23 N O3",313.16799,314.17527,"25","bottom","half",190848.487560728,44765.037190652,2,31653.661357578,NA,"unknown"
34753,"xenysalate","C19 H23 N O3",313.16786,314.17513,"29","top","half",584505.044716008,76470.4934604738,2,54072.8044865825,NA,"unknown"
34754,"xenysalate","C19 H23 N O3",313.1679,314.17519,"08","bottom","half",155154.46639756,14783.4247566694,2,10453.459894602,NA,"unknown"
34779,"xibornol","C18 H26 O",258.19848,259.20576,"01","bottom","half",7653296.3135369,724361.120627228,2,512200.6604234,NA,"unknown"
34779,"xibornol","C18 H26 O",258.19848,259.20576,"01","bottom","quarter",15156299.6285804,1977419.51907447,2,1398246.7511882,NA,"unknown"
34779,"xibornol","C18 H26 O",258.19848,259.20576,"01","middle","half",14452643.8504866,567084.908696855,2,400989.5844481,NA,"unknown"
34779,"xibornol","C18 H26 O",258.19848,259.20576,"01","middle","quarter",11501214.0177878,1182579.76298808,2,836210.16970285,NA,"unknown"
34779,"xibornol","C18 H26 O",258.19848,259.20576,"01","top","half",14622420.8646536,751466.273103688,2,531366.8975446,NA,"unknown"
34779,"xibornol","C18 H26 O",258.19848,259.20576,"01","top","quarter",14201596.5617234,1230962.30833483,2,870421.795608601,NA,"unknown"
34779,"xibornol","C18 H26 O",258.19848,259.20576,"04","bottom","half",5881959.05267301,474685.807871497,2,335653.55367895,NA,"unknown"
34779,"xibornol","C18 H26 O",258.19848,259.20576,"08","bottom","half",12021818.493978,1109808.6175972,2,784753.19932225,NA,"unknown"
34779,"xibornol","C18 H26 O",258.19848,259.20576,"11","bottom","half",12927393.1109532,414070.607597109,2,292792.13452195,NA,"unknown"
34779,"xibornol","C18 H26 O",258.19848,259.20576,"15","bottom","half",8810365.8435115,2545755.73165137,2,1800121.1410952,NA,"unknown"
34779,"xibornol","C18 H26 O",258.19848,259.20576,"18","bottom","half",8907236.12406798,1016897.13225045,2,719054.85798345,NA,"unknown"
34779,"xibornol","C18 H26 O",258.19848,259.20576,"22","bottom","half",5679789.86303627,456062.981816516,2,322485.227090615,NA,"unknown"
34779,"xibornol","C18 H26 O",258.19848,259.20576,"25","bottom","half",15531192.870458,273947.061740588,2,193709.8250429,NA,"unknown"
34779,"xibornol","C18 H26 O",258.19848,259.20576,"29","bottom","half",9774538.17438927,193589.56613022,2,136888.49497764,NA,"unknown"
34779,"xibornol","C18 H26 O",258.19848,259.20576,"29","bottom","quarter",26262635.0533506,782051.447754481,2,552993.88194395,NA,"unknown"
34779,"xibornol","C18 H26 O",258.19848,259.20576,"29","middle","half",10443519.5820656,547327.322588635,2,387018.861331101,NA,"unknown"
34779,"xibornol","C18 H26 O",258.19848,259.20576,"29","middle","quarter",5997760.10979334,12869.8301134933,2,9100.34414596995,NA,"unknown"
34779,"xibornol","C18 H26 O",258.19848,259.20576,"29","top","half",8503331.28512125,950050.8728038,2,671787.414631765,NA,"unknown"
34779,"xibornol","C18 H26 O",258.19848,259.20576,"29","top","quarter",13812529.055481,2296377.9732517,2,1623784.4370537,NA,"unknown"
34780,"xibornol","C18 H26 O",258.19846,259.20576,"01","bottom","quarter",3452619.1493489,428302.034461824,2,302855.27296395,NA,"unknown"
34780,"xibornol","C18 H26 O",258.19846,259.20576,"01","middle","quarter",3093906.14273051,63593.5454622329,2,44967.4272360399,NA,"unknown"
34780,"xibornol","C18 H26 O",258.19846,259.20576,"01","top","half",3813934.88118766,631273.549739926,2,446377.807804805,NA,"unknown"
34780,"xibornol","C18 H26 O",258.19846,259.20576,"01","top","quarter",3617438.76727,994142.69448674,2,702965.04073864,NA,"unknown"
34780,"xibornol","C18 H26 O",258.19846,259.20576,"08","bottom","half",3488949.63040805,318300.86213436,2,225072.69807273,NA,"unknown"
34780,"xibornol","C18 H26 O",258.19846,259.20576,"11","bottom","half",2925151.74826245,248412.146086334,2,175653.91302675,NA,"unknown"
34780,"xibornol","C18 H26 O",258.19846,259.20576,"29","bottom","half",3048371.46638344,407015.601609034,2,287803.49194647,NA,"unknown"
34780,"xibornol","C18 H26 O",258.19846,259.20576,"29","bottom","quarter",7226050.91513303,277740.793508305,2,196392.398501855,NA,"unknown"
34780,"xibornol","C18 H26 O",258.19846,259.20576,"29","top","quarter",3829704.84814779,591002.687630752,2,417902.00812318,NA,"unknown"
