,0
94e095e9e0e6a5f3e910bfde1fdf587d,50534.0
66b2068aa37a4673bc168a71e87cac5f,18020.0
b31b6f69d939a5c75965ce78c57107df,17272.0
fd04e716e306a69ff9f0e6ecc4151380,15848.0
6e2b2b41454f7d16f50944f186d5a311,8220.0
16240e3caccfdb5e068f0917c430a68a,6693.0
26768396da939fc2f5fc4bf5ab6eb44e,6503.0
a8f8f943106c0d806b66c5fe14ff4b45,5878.0
eb9946f81c8e43b48d8df7702b069b3b,5768.0
dd5ce8d0b040693d540cb5aaf1b9fb3b,5681.0
c1a4fea3444036aa87679d9e5f31712a,5211.0
987e1c48ae46f17993c75cf57c05d860,4625.0
a8e437f7f1bbccef087909d9875f927a,4404.0
4078124ebd7dd4c85eb08988b41ce5f2,3741.0
8ed8ed5e66f5caa125c648a25a294eef,3733.0
8ec1d762ce907f90ab42bfcea5e8658e,3711.0
c680dbe27183a83f40bca91710216e76,3707.0
39b08db43fcbe490c83f4c578cdf3c20,2915.0
efdaef13c932dc006d1bfcc2ad95b8f4,2837.0
8b0008a307895c73fbdb7d2c151df3d9,2581.0
4e29949fbf33f687665c7ec95d0b1b26,2447.0
4be80be705379fe624bf4f236868c161,2390.0
3673a683d8af583c17d216ceffc0df62,2381.0
9e49e93e3914500e0bdc6033ca91b6e7,2282.0
7caed1b0bad4bc1153ee2654ecd99a8b,2167.0
eccab839a45edd87251e3c3f36b9001b,1868.0
ff168ee46dd924734b6c5ec5403b84d9,1864.0
185a20ed7a871d226cc8d2a21d7e77db,1849.0
c39d48bcc90b05a7ef038efb6aca5d48,1746.0
7b2755abb97fe417feffbeb9ae73564b,1703.0
5b51bd06da84660a40db41fc0603b2d8,1644.0
14d30b85f6c5f64a0f07964095bc6034,1603.0
0ad434908732f0d3bb652cd444995bf0,1507.0
9ffe585aeeaf67018731a26bf93c64ed,1496.0
c190c32c37e86ac936a8d9a5d0159bc4,1415.0
46d93c256880c44e4acbc36e42930e82,1387.0
78d9bb7174c70d3ba656d1be61fc3aa7,1354.0
d0155afa5eeaf527d1e25d65be988716,1333.0
d53c4a5c556bad5d8bebc63e036a52bd,1310.0
b598378d6a5c36b8f04f86d042d91b12,1310.0
3b3d281fb3e909c14a618014508dfeda,1309.0
371341a7c170dc76322685f2795f07b1,1280.0
f60726206a737a6e79ca4581c1b57879,1227.0
c6bfb87328696ac2a43251fd572935b7,1226.0
77138978df489d19158d137626235a12,1216.0
265794bce739038d4610914cb8490551,1199.0
e5508e123c5afa0d6c73f5ab314d2892,1182.0
af278dc3ff6e0ec90e22aa34ceb680c5,1110.0
bf5d2b11944d94d720f90f4b57868004,1101.0
784e95e652b0d70df802497ccaecc8af,1082.0
87c01082136220ffbf7a7e8d7e6ae786,1015.0
c3e672cf16383b943148640ebc014251,962.0
59514c332f5919eeda062a0ef5612319,961.0
a55f13f53cadabf378022d9cecbf37d4,936.0
e6a47334180767d52fdd7a6dc8bdcd0d,886.0
0a088091fa7dc8e6a3b88ed13b8785e7,884.0
7094c94b5c597ceac1b102665c95748c,871.0
20958b431fd79f8e49c58863724b2603,829.0
50600b951cd809754f41d960389c8e8e,819.0
8842f8e469dab57756f434f7c9ace87c,815.0
d24615d4a96750f3533092e65ec12714,807.0
5b1e60a4f8f2c2b13c5ea87340cdd6d2,777.0
44d5aa193d3c35bd85f18058788f1fc1,756.0
e78a1bfbcc5599130b312c7f21519230,734.0
e2bfff3bd3acf94385c656a37259b012,708.0
5268e05d9e1f13d56619fb07d4de1fbb,670.0
53146c0d47223e892a6792423225a154,670.0
8d078c4be20b7cf1595e0f87e3a8e171,662.0
3f0fd71f6d127cf93c30f68817e688e5,659.0
ca2ed4c89675af5dddeeba32c2a4d593,647.0
a367f3f7772062cf3cdbca060dbc5f0f,588.0
1a9de57ffa8544ce0ab790baf26c4a3b,580.0
091a4734d2810203bc8c3a43aca1f3b2,573.0
39262efaf707e6579de3c27a09d2f31f,569.0
a0093338d0c2b9462957e389ffb2e071,564.0
20492b8d5a285d9f45acf74bc403528d,553.0
35364fcd66deabb759e9efbd968205bf,551.0
326c3bac879f8e98bf96ca92fce0230b,530.0
2dae88aa851929161de1867bd6c673fb,527.0
c7198ee513577912913b49a073e4a3ec,520.0
73d7c52cd20b159354e0a081bff72559,508.0
f8ff63855fdcf7ace397c08dacf930af,508.0
e0f02bea5f6c4ac1a73b572c2e262cee,507.0
ba3e323f7087e4f423b1de29db214752,501.0
1a84d9136324808f6c1a250f742bf762,495.0
9ad7bc472700c9839ab116b51995c27f,493.0
e932a358c2cab349e07ef329f87dee04,490.0
af1949643a84e65f00778293ab517abb,488.0
9fb72b8a48612d26d392ed327ac54377,475.0
80ee2cde963250d78077c99d37d803ae,463.0
aa52fe7e129f3b0b5b53deb17035220b,460.0
cf3e5e7c2791d210fec500476e8fecb5,458.0
c0666f361adb8713c1ee429264a370f8,448.0
73587a9593dcb48f961a981c7af8c38d,446.0
cd7caf1dda27f0604a151a6d8fc0465a,431.0
69e793e764392a6df0e611df52172759,430.0
c350d6d15f19e81d0284b02874ba1df8,419.0
9fcea48cad10dcadf7734aa8b0e9fb15,417.0
4d73eb87a3c0af024d10472c7ff5d10e,408.0
e4926a891118a3b836245aec6c4605d1,404.0
67e43e901005d06c8b1f1a0c7055cc59,402.0
fdbc66ca1e33e286a1c46cec492ec0e6,402.0
39495efc6db5653b932448a3c27aa97b,399.0
9e65f525a1a14e6b7d2fcc7a5020a919,394.0
7744ea11c99ec0bd152219e55217961c,394.0
737cbc91302b38156775e7f9f8602194,390.0
f3598ff5fe80beee767706c8da0147a7,387.0
56e5042e3f01f548bef901a1e1fa64dc,384.0
2b5c4d5f2312755859ffeb9275ce2f02,372.0
c6589513350cf739dba66e31765f9f45,368.0
4f8235ef3411f6518229a77d30a8f35a,366.0
1c0542ea7b794f5bd180adf237cbe0ab,366.0
9897f84745201ebd919ed57c6c6613fd,358.0
198e6385800caeb12baed71decca7785,352.0
bf8c6a6fd57a995fd3e2b0d6dc8d656c,351.0
ac2c5073ea22e2a45cb7dd882f498c4b,343.0
477739ac82d78df11ce97449498c07c5,335.0
e9853dd7a122c7fc1ec93daeb0a48b42,334.0
3237a59359c02633fc86b41d8f2fb795,320.0
5be3ce2b1f53d2958cf82dc65e37a059,316.0
342147af3ee8faa4cf123d5ad0968d39,312.0
3b0bc7d66a30b771451bd7ac487c7b63,310.0
30e6227bd04188f85e56d36e1efd8e34,309.0
d7c9cc794b08a8184691d63a48d0f3fb,300.0
d82a725205f67f44a250c7689ca442c2,299.0
3d7ff274160e447acdd507dbd8c2115b,299.0
101b70d5dd42fee7fc527f38023f2b8f,297.0
0b9d667fca74bbd5b1fdfea13e404c33,297.0
b8218e35eb8860c4578284a25340c030,296.0
6860f047057966e0a19f4afba34d2ce9,291.0
f02822a47a0458543af2448c9afa9ece,290.0
f24f9d94f7f028eb98936d40b1231fec,289.0
b0430d85e1928236be0e7eb168c5ba55,287.0
355bdd100f70a92291afd576b53df0de,287.0
3b7a8a11efe066fba16ae19e1aa12536,286.0
3b406a5c9d8f103a0e99b4623f0a07c5,279.0
07799be650677f80f1158aec8fa46e2b,278.0
5c9da15d4395a3855c161c99bad16b8c,276.0
ddeb6d1be201e0e14d630553c5b0c9f6,276.0
7b8a04fa1f87c73e68b5c4169ec970e2,275.0
b1837c2b2e3a06226142ddf8f4aab043,275.0
7016175214eea9382a3cccc166e20287,274.0
f207b7d4a5837463da233cc824176cad,273.0
f3f1aebc50d9e82b3c66672d2a416649,272.0
a39013e5e88538afeb5504ff6a9b7fa1,264.0
1ab9fb43b8a7bbe266def4d5243fca25,260.0
be47cc29acf787c3faca3e1c2c42a64c,259.0
f67d6e431eb6e979bed010f369cfdab5,258.0
64f3203d620755718da6456bafd49add,255.0
10163690f24155449e94331230f9fb27,253.0
6b6d4edb13993c0eff2eaf3a74b979b7,251.0
1ca9331a6c93eb86a1db29233e1c3d4f,249.0
b9e93d19dc895b876094a500d3aed6d1,248.0
28e07719682836d0f5e2676767528adc,247.0
fc24fe9a80ef713ea51215986e524cf8,245.0
a52bd2e22f984b62a506f411f04d9b90,239.0
3b4dd50397e222153c9bf8187e85f201,238.0
080e4cef00ff8709d905634f0b030e3b,238.0
fd4f29296f24b97db3e33f2935e32783,236.0
48db22ee05f7ea16fbe97430b44dd2f7,236.0
9216ca3ee26f717ed500cc2e1e4d598b,236.0
607aa973182059e88525376162dad6f7,236.0
7e9ccac6f1291ff8d7010b1692c0210e,236.0
1d672dabeebed8375e444556c69b37fe,235.0
cfd5a66eabf8107ff7015ab728a294d2,233.0
8111844d4664b931e2ef21ff30a8b404,232.0
c9b529ab27132d10f140fb27229b1b4f,231.0
e0b88f8dc3b28eb8edc9fd49cb546310,231.0
aee44ec6ac144378290611770f31701c,227.0
96e0761161a90d213718ae93af8b9926,224.0
1a32cf83c6ca518be2f5abcb8cf3741f,223.0
b0b974dd5ca3901a34ebc548a415ceb7,223.0
18bce8bf1ba95cb700ced7ae0dc7e9d4,217.0
51baf675827e4b7d01ad0d1ec47c6bd0,217.0
a0d51ed57f49a0f02e83d35c1059a28f,216.0
ef204c29a285d8913315e564ed10ff75,215.0
cae2021f4548f3c179b00123a4e58287,215.0
b30ef3f8c88265285658f7afebfaf019,215.0
b912ddb986f567a9c93dfd47650a5ab5,212.0
4b0ead64f3ea6437c58fbb3291f469d0,210.0
2ce7ad2ba77f537ea43f47cad32b2042,209.0
abd73ce84ad4b68205085185cc7b1b9b,208.0
030c8380854a362672714495bfe1ba04,208.0
2c7bec549c76392f27cdec7aefd88bb6,207.0
7ecdca8bb9c6b79ea17b6770cc259bcf,204.0
682570d410218e45f2a36dd56fba59a5,204.0
b9767f62e0cf74dd29f054a901bd8ae4,204.0
076daedac7ee23516250440cb546b4f2,203.0
1ec3f96ad388b2759e3fd3ba1bfbede6,202.0
1a3ba7d517826fc100d5d8d46e06298b,202.0
d405dd8ddba33235786383a1921e35dc,202.0
04975f77c7ae8a18fe9ad6d4fb27db3b,197.0
fff4bfbba769ce4b0b8653213358e89a,197.0
57a9bcab70dbe12b82689368587028dc,196.0
0899d94f605d18516cbdafd920da8b84,196.0
1468a67fb39d9ad1c86c71ef3058c0ae,194.0
a9b549dcb6d1e9b3c8018a429aff6564,192.0
05ec1be03ebe5bb45dc91325c3a44cb7,192.0
307fcb3bdaf851dd728bcaddb9ceacb6,191.0
493f1916e3f00bd6efd5519e1b3883be,191.0
979f96f8d59d08457f7d886b18e3995d,190.0
6c7d40baa998f548269bdabbef2a3551,188.0
e656f69b552c09a5cc975676a527995e,187.0
a151ed3ba50a5768ac7704e2e4510997,187.0
42ab028ed562fc9a044188f92a5a5a3c,185.0
bef9bc91fbaafd7d851d5dc37d0a86e9,182.0
7c2c7e47539d87a7a399cd861f062d34,180.0
c68c1d33eb8e39bf81f3ef7ded13d749,180.0
8eb36c4fa5ebf21ecfe71ae34cd11fe2,179.0
79c36b89970649f50924da5a99d89e3b,176.0
f18dd6c51bbe1cbd275904c468918147,175.0
734e44e12e5d8295d4b5437f205a23d9,175.0
436bc261b325c87b5dea46d3aa006223,175.0
4b57e2401ee4c0b6372dc21985367688,173.0
3de5f6066b14c875c678437173adc71f,172.0
b0e05a2ce397cd919a608243aed130b8,172.0
e0a21be446daad3d3be3c5658d992628,171.0
11bb6bf9d0f2c658f121ec9cfb25fc40,170.0
d9f93c004998efea8eed8199ce1a7da6,169.0
a4329f20c55511d70d1c15c8ea93eb8c,164.0
b9b78019f1686ae073dab1f23347895e,164.0
ed143730b26d5d56f186a13894eb00f2,163.0
15f3d96d7a08528f68c2d217c6752be1,162.0
8bc82ef4bd506d5e5152673815e8bf95,162.0
56489e9153e304cd3c8242b6abe22634,161.0
020b814b812bd35533e088feb69765e3,161.0
80259668ac3f8336a000b4fb7ed649f7,158.0
4365681609467ecb71fbee457c940b18,156.0
16fe33b0366391e8f9032b8242ffcc0f,155.0
ef98cbdc17337c24a1de4a7e75011e2b,155.0
a6dd43f168c9cabaf91b7807411c4349,155.0
de816d07d93fae95eba58995e40cbca5,155.0
f87241303ccf82f9b679e31f81b391ab,154.0
af9a8d697636dbcda777bad6a2bc2329,153.0
b57e43869440de9b8b9d2892c0c81afa,152.0
e059c6f0cac20591669ea5be0de9d2fc,151.0
4a4d7595949379315bb5e5196e4eab97,147.0
43bf7ce7f89c03467260229bb52f3b3d,147.0
6c03541926f6fc5b5bd106ef17f24d7a,146.0
a0e2a6c37979b79f7727ee7320c1c912,145.0
2112ba2b42b16c55f1bd3c457bbeda5b,145.0
1245916235460d7f9d9fd9c478df1ed6,144.0
7de997b828a5addafcafb729b6ed55af,144.0
1ed2614bf4198920377d5abdb1fd51c9,142.0
ea809702fa4c8b845418f5cc007d0167,141.0
67b5f0540c18321a04de36f19d80fa65,140.0
204892322ce15edd5dd165e84a4a8294,140.0
de1f69b5f36b9a4c0b0b50e73577e5e4,140.0
8010c5d2ea8c972d9272f421958f9097,137.0
3f86361f4cc0545f1fa12729ea4233fa,137.0
f3a714a7dff5f1bd53f12262489bb19c,136.0
2120b2e1ec9b9aa0ee25674365d9c770,136.0
6684e46b850d5b7c1fc61dc68dcfa28d,136.0
e7d400d979238558f34c1649f1721c7b,135.0
347e3bddd68288da551f1c580f093943,135.0
ecb1c4e0347a9cfe34840fe30a0dddb7,133.0
c56663d268411a5c9c6c8f2038ffc361,133.0
a3b7c2408beb599e6a888b98c3431173,132.0
121b72c11e4fef515ec416687443c090,131.0
629af543091e9b325ae38623cc317c2e,131.0
271086dcb63b366f7e0265f0c6ab3b45,131.0
bace27d80ebe6e1a81fe80de7913ec9f,129.0
d01df405ec2d88897a5bff680e55bacd,129.0
e3d51abedbd44349f4f189a3c3130e2f,128.0
4c009a30015f444d7aaa179638a274c6,127.0
bbd4f9a0f3f206b0b5961ab4ac5acdfc,127.0
740430c1822e0170086d7f96138494e8,126.0
2692d176018234b6f0c4aff961bdd97c,123.0
f429c37604adcdc3adec50a8dc75141c,123.0
6f9b9a5603628fba426c8d75a9ee833d,123.0
a6aa9754df79eeda286337d01c4f094b,121.0
e41c936de158ab00ad67ee7a5366fb0f,120.0
0dddcf385592b9896f42d03f3dd4abf4,120.0
24f805d2c55690d1a1c37e4e1aab00fa,118.0
a5f84d0290b37f4bb93bfbc047f1b30b,118.0
ebd854b859f556e20a998c918cd6298c,118.0
bb31ca5680dd6241789aadb26675ae69,115.0
8583d5880eabc35887b9efbc0cc1f430,113.0
feb280ec64a97c8692f69b33707b75a3,113.0
91dc84ebadabc9153b19cf300cbfa59b,112.0
470f63747732dbbb7b113d343632ac95,111.0
823f206fee4e418553a026256a520545,111.0
e2a5fd9c20770ac2aa8301047658c57f,110.0
a036e9517fb4a7c472bb478aebcf2308,110.0
355848a6bdc2bbae59a9920f780f36af,109.0
c88bbe5775b6089826460896cd273d7f,109.0
298304ab6cb14c86acad0096e4e592ff,108.0
bceda017b8762829850d74ca447eaf39,108.0
ff3a3a5da5988dfcd8f6b496048563d2,108.0
e49ec6ce4338259ce459985b7c1aecce,107.0
dc65899784895779308c6d9902733bdb,106.0
9d1640db5fbb2bad3393902d4fa1758a,106.0
f012b51fd22973ca6d75162101c58d77,104.0
310ed1fb543c86071f8a62a0a5ad4bf9,103.0
5a2b4bbd41cd6fee3bad735f82aadced,102.0
de00c14200d39cef46415d8fd578e8be,101.0
4c8b50424e5d32abd1885339411aa632,100.0
b57a029c7934868024396b57fd9b277b,100.0
ff389767c88b25ce17bf018c2e3306fe,100.0
33d63a248cfa5ba28ec6e033c56197d8,99.0
0f20a07d3a22be74a92d6e7201ce25a2,98.0
3254b62ab3233a31adfbeaa20723e7ab,98.0
023d43143247ce73e145d60bae7c2503,98.0
2a1b3dae1170c4036f04698a2a8b4c93,98.0
c72de87c1e5dcd19dc52d743c04965fc,97.0
da887bef50174fd1449a3d176837b784,97.0
773c520c24f7ea132630745c280868de,96.0
384cbd678fd7bf1ba2be5050db5a6cf2,96.0
ddb6a0f16514e58b63657ef6edafce89,96.0
b6522e5da19ab0eaa3d82f5a2a4c035b,96.0
38b325a6874eeb8f68ea5414ca3f6f37,96.0
906a4c35777fef8bd3a8a3431e5938e0,95.0
fdec9a5e56b6fd8615eb8dbc6b74e534,95.0
aa412f721f2619da4ede606ba3de4c02,94.0
56fd1828a99be8b6d7f55bb20cce7eb0,94.0
87bf4b4b14f13e40146b8641d82844b9,94.0
9e270aac64662fea9764045ae2a08dc3,94.0
f248aabcbfd8bddb56c705cd0fde2ccf,92.0
e2218bbb67a3c31ef76d597e7e4fc4c0,91.0
a42eb4c4f4c01afba5208b8bcda8acce,91.0
024a60964d6ef335f70caa3b7a3cfb7b,90.0
96e66e4b037bb0e02d21d03ac28103e5,89.0
a7379baf81464470a2d78ec04dc69b92,89.0
9573b0587818c5684c47b45527b597de,89.0
df058c40d67a0f8b070edc6aae54c111,88.0
d4f02146dec261db6d5186404330c616,88.0
e93f908b10aaa7445febf5ed9759256c,87.0
ff5b3aec260c9a4e28e1a4b904c0585d,86.0
8b21bf52beaebabcb157b2d2b17170a1,85.0
848f2f098cd5bc1695362713435d00c7,84.0
41fd7fbd90645408d20e1f034e7f165a,84.0
36d70a4eb351e48afddaa3a31a97b8ce,84.0
5cb6c85dc8e57adc8c0796cc0d1b2b06,83.0
ef222476181e4892aa94a099dad2f33c,83.0
43d00b4690e1492ea4af858c6bf7d243,82.0
7488d79251fc3264d35e7da9b5c886ed,82.0
578899efc7360960fa7c18fb1ef08a86,82.0
3a8ac4f182bcc14482108be123b5bc68,81.0
4707b2d52cf5bdf43ad39e85d5424170,81.0
6a42a7e0e2db216ddee7b22e26e13223,79.0
b4a6a08056a0d8394663813ca92b7cd9,79.0
434932f01e062c7de7db7f313845fad3,79.0
3a315d91e17f6ddf6db9241f986f8902,79.0
d9fb2b56b109e6509cf4cf5777740b02,78.0
476c41d8bebc151253a9918346c1083a,78.0
4022f53d2515a5ba2fe283c5747a86fb,78.0
5b11253934b41c0fa7337052eb526d2b,78.0
12c50308489072d1540b341e4f37ad85,78.0
851431279425e4534580551fd7115816,78.0
f33428fd6daf11968938d4ad3c824e1c,77.0
6efd4a37776ab7fdb81ecbedd193638a,77.0
96c3621bc4e499e72ceae2a134aa3110,77.0
c21fc1cc74c79afc9e59564f7cbf5d1d,77.0
443786ea9af2ee09fed800f8767e2ebf,76.0
4cbf62803673fa1a96fb83618a289676,76.0
01433303300353ac6dc9dc4fd446942c,76.0
166d113b5d6d93485390cc89713ab97a,76.0
0c7f9104db13931c7635d37bc6756282,75.0
4a506c5297e700bbac31a73fd5a44e78,75.0
995f3a34ce29142a76b5eb71f9dfc8cc,75.0
5435023add7e4ef091572c193537b260,75.0
261b144cda43dc743ef239b6ba2004ce,74.0
867e24c88ce78ab51426314ce9b9af43,74.0
f9ebedbd60b0ec975af9eb1bd11409e8,73.0
52bdacd0a67bfc3faeff9478a0236a09,73.0
630b20234f188c9bc941b3c0a401cd05,73.0
2abd8fa5d63afd4acd7103f99e940488,72.0
c5570c72a6a36a33c8092188a1f271a2,72.0
664dc3f17c2853082f561b090f7f82db,72.0
8bc21eaff3abf4df346a2eb6a552bcc4,72.0
90b7259de86ab0d751acad590ccf7612,71.0
698b76785c71937c243ae65eba0b2bda,70.0
e8f3d675127e14321c4964a6341395ab,70.0
7df78e9fe7488bdf53aa85a35bdb5e48,70.0
5a6d4553e40c36dfe84f74158de9b4d1,69.0
f1c148dce79f409887dc754baf37b03d,69.0
500ea48908714e71aa996b3e564b85cf,69.0
5abaa367137c22de18b8642bef58718e,69.0
4b36d4353d4c2c74bd84b1edd5a11e29,68.0
eb231b4085ded5102c5853f391acee1b,68.0
89f50511b86295ffc50a8a945a895357,68.0
f667c06b343f3210eb91ed9cf4d5d9c8,68.0
9888f7445a0c7f5d66558e6ce1896f23,67.0
918fe320bf0bcbfaa932eafabeda04d2,67.0
384fcea12d435cb4970781b70f40ddd6,67.0
fcf91127895b9fe09734e7af5ba2e27a,66.0
6a64e8b5867b7efda37e03f5ef7f0e9a,66.0
5183339ce3e392734a1ea315829e0a98,66.0
2e5204bf4fc3681b891897bdd9c49fb4,65.0
5bc01fce543479feef40320427f64482,65.0
7e4f0679aaa40221a2ee78979181546f,65.0
3c87de97fc1f5c4b308838559773aca5,65.0
acdc274b80bf84317b82215f84a32873,65.0
ef5e25aa8a885b30a50a5157e5ea34be,64.0
11b6314f7931d8d1fd42fc07aae932ed,64.0
5d7ee1e96f9aced1376875f7f7959b05,63.0
54822ed98b8431ad278f4baa68c068aa,63.0
9d0bddc0adab7e45e072a0e144699cca,62.0
26ac10f4bf78bb893f4cfbbf17026418,62.0
cdda09610b82e7b135eb1a073485496c,62.0
34df06f5eb1538b08dbb35fd24386073,62.0
584721936cc2cebcaf432a751851e0cc,61.0
07cbd461b1a1a57ac0ad2e522cfe2fd2,61.0
30b4772e77bddbfa9eadccc064ad6024,60.0
6640f7fadd9727546c393edd7c63f390,60.0
92ef0de9b4da46d8cf1a8ec2d9e1bc0e,60.0
c7c90c5b3fb5572e3150b5d3fc2e74a1,60.0
d88b7075fbc708f06ea4f52ec8eb2a74,60.0
30b286f6ff0997f3ead9d7c6dc66a97c,60.0
1cd7f5c45ceeadd1ee75165b8908fde4,60.0
a8f0256fe3060b0dd83c89bd489b2493,60.0
8a90ee52dd03179c4f5d9cf4ed1707d1,59.0
2ed576053c479e6d903d9a4b122e14cc,59.0
c8994f27d1c26907a4de3292b1dc47b5,59.0
60a38b47cc8061f665e35cddfb0ce2c0,59.0
ab4e1e68b69536b0b4db08aae980f3e3,59.0
d36d28706f4e81eae83b0d8a28cf3bee,58.0
27f9d6fea78968a54724abcca5938fc6,58.0
630f2e09354cb4f393120586d4b7e7e0,57.0
86b96d3e8b7b3ca84dc194e178795af1,56.0
f0db5d63caf4d0ec31a618e46c838de5,56.0
cd318514536dbff2ba6e18a9978109d5,56.0
e19a6e335bf85588f309481e481f57ed,56.0
dd209b096b0c0163e7d42fb96570ca74,56.0
8347c20a5cf900d33a88388685af8fcd,56.0
6e8368862232eeea807ab1503a03f562,54.0
97dc79764e7a346a1d717197e6614844,54.0
018dbb9d39655749b6424aa9ff54dbfd,54.0
f8b87b35e4a8c65dfe82857684cad15a,54.0
fd4bdcfcab9be1b8aca505f7f381bd4b,54.0
6d9353630320a85d26bfc65597bf8082,53.0
25cac309561fd70e62f282c755217988,53.0
9fb58d75d67a5ff38536a894d91030cd,53.0
c15bbc729f0ab0c46db8eddead517761,53.0
e274ea6596bf5f44f7e8e23bdf5ba92c,53.0
8686d3e235ecea420fd208b50e50cb14,52.0
33adecc4cc8f465664f444240fb5c9dc,52.0
469b39ba2384f208147c807a0e49a873,52.0
60a479a18dad35a80eaab9bfa87d8cdd,52.0
765db33a95f060f11db5da41315f0f24,52.0
a03160e2d5d28f0949a35e7b0c32260c,52.0
84438df5c735590436c08bcee9873508,52.0
7d662884d0c1897cdb526c22b10f17ab,51.0
099a4ec39f297bb78724821c4341ac59,51.0
baa837d914bc14af47ffc60750c52873,51.0
d443d45b9452b33e2f15317f488a8aff,50.0
5660ed71233d71dc1832777fdc7040ad,50.0
a9c85d3d10b7d28ac0c362b64356fedf,50.0
ca3f9469ecb85d863ecf53f15ce7edfd,50.0
78446f8eaf3d8d8a0eb729867ddd256e,50.0
4ec46cbcfe180b5329907d0d8b87ee08,50.0
0911e2f4397d255c37586220d615b7dc,49.0
4ae3d06cc85946366f36239171a209e2,49.0
eab6cec10d917c6fcda089934928821f,49.0
8a59ab5221d649bb80ad64f05d27040c,49.0
e01d576d05a004af473b9eec7a07cd31,49.0
234fec8f77a50b2203383f695b9d63ea,49.0
0e1da621de905443471e7cf77e47cb49,48.0
47bc430f9d9a4023e530c9ba5f02b3fe,48.0
d09dd2747a800163bbfbd0b29d9097f4,48.0
91db4e90f7fc506d001f6575d9016895,48.0
74e129ae2768445e407f919e986748a7,48.0
c2173bac272ff1363c5e63ba1555b1f0,48.0
d38daa026ed298f6cbd04a91bedb8dd2,47.0
55f1de0ada38d7ae95127fe2db2f0bb7,47.0
f8f8a61b87c768718826c9f2f74ed33a,47.0
aab6aa763a05aa07f8c464043ba48d9f,47.0
b98f53cf25af514aebaaef80ed91bea1,47.0
2c254320f619c60d30605011d4ec91a3,46.0
d22d614a52a1e938274481e9bbd89035,46.0
b0aec94de42a3a30702b2d247b24de83,46.0
864810ce4a02e9d88c9f80c2fc9b5fdc,46.0
c0fcac392fda5b2c85f7eff24b4a08ed,46.0
d54602f5f5e36c732e7649b9d3a2caa0,46.0
8acf972a3d3dbec00c75a01b416841c4,46.0
f83601692d8f41907b33f93f84609bcf,46.0
bea6e8927b2323fae542208ce5800fce,46.0
085fbc93118e3c914ec5c45c3bcc3e36,45.0
51b0b026c8fa34aefe7ae82d28560484,45.0
24d2b19c59f705cd8b40145111cd8d15,45.0
f77f73e98d322ca9236189e58c57d2f7,45.0
8454ff06fc777ee1792f0a92c0a2a3db,45.0
b2bdfb071dcdf7a849e8a21d510d829b,45.0
da5ec2445dfbaf457ddc3ef02b60a3e8,45.0
11852e8ea94123b33079b3dfb541dda9,45.0
6eea10a6bbd0503ada4ca0c213a847c7,45.0
1ea33172a049bc3d1a3c0f3b513b57ee,44.0
b5fd42dd9395bec1b88549cddeb71ada,44.0
3b935ffd7b3d56f7e0c5439fdeb7e891,44.0
cc06b4a0146591e922e1f9c019a63485,44.0
2acd5aedfbfe3fcaf77f49ef1cd3a6d4,44.0
30630341a745ac1fbde93afa5afa2027,44.0
e2ba543885b2af9a7c187ae66d3b8fce,44.0
e18109c36adcf2fb61565068d86ecefd,44.0
0ea8e2d6fcc198ad19437a49626f1a3b,44.0
97b6b616c65f61a704629846757d0dc6,43.0
c6caa1dfe0eedc2fce6009a5ea2a9328,43.0
53ea2029dcf342440c7da95b2234258f,43.0
ecffba043dba2c7241c3d77ffa7c662e,43.0
1fa9b61701dc9e24110324c558ed3ed6,43.0
c5d1d00accb74049558c8cbb67ee4d7d,43.0
4562fafd53a4ebade818b09b8977fa5b,43.0
8e6fe51caca5b6b3ba0fdea4b78c1781,43.0
c40444c04a9a82b9b07af50541408e5f,42.0
6a8da074855afdaedcea726b86d1c83b,42.0
2fee355111127c0cdc8e4f574ccbf398,42.0
0e2b4f89954d9e3f02f83972d5160303,42.0
7b5d4bf38f7089653e16ac122d10ec2d,42.0
ffa2d3d4e030a8f45850c379c0d196f5,42.0
e5f34101b8012560d6272471d172e5e1,41.0
8cc007307d0af77fe8b463e8392ad1c2,41.0
394e82faf1b211a91a361c3a37a83bf5,41.0
bc2b137bb2d50200af33144071fb0de5,41.0
56e701680f156dc6edf608501e17ef2c,41.0
f253cbe59593006fbb594ae87daf4b88,41.0
ed9ae78c8ed8cf1668fe0e701f86b139,41.0
7e8cac1d87e4f092e4c794d45d01fedb,41.0
f3c07b7b6712b215220fcf8ad72f3f32,41.0
a564bf8805fcb54bb0344285de964fc8,41.0
f2d355fdf805f9d7904be6f9525674c9,40.0
f92c5438f53dc7f1c1cf25a2a4ce2e02,40.0
7fe203eda27920673e30f5f4e2e2fbeb,40.0
3f7d4dc1b5a0206265e26fc6df9adcbe,40.0
2f4a2b08eec8d8d5f66dc0d20552881f,40.0
13b1eda47a2b93d1d45e7bb10dd412b1,39.0
0a2717a5f1466cb0a38eeee25302640c,39.0
7875a974d142e33c3627bd3f5ef97460,39.0
bbb5e488e75843054232acc7798cf3b3,39.0
d419a4b872703f48c79994b1f12422cf,39.0
bb0e86a4e01fb2e752258e2166d2f578,39.0
491a9459c78168b0f215c8c174fbb731,39.0
4a02337d870a554b2731d05e1f205219,39.0
356f841cd4f1a3c532624a6582da5016,38.0
2c1d09c696bcdbb5475859239b6d37b9,38.0
9e14493a67b05084c108a76bb6cefcfe,38.0
63f64dd7d855b459c6ea798fcfbd40d4,38.0
04d8f66bdb50eea03d0e4bbf510e010f,38.0
ed6628df59922822ed3e3a5c29b93850,38.0
642853810bcd6599123200566d3b73ad,38.0
1da26237bdf3201380afc65440bd411b,38.0
3265aae7c05e98c98a841104bd69ae2e,38.0
584f4838390b8719c00c01a347d3f39e,38.0
5b99fc74b9dfbf00205e0b866933b23e,37.0
0eeace3b8ac564fbb8b136baa93bb464,37.0
e1533c2f96a5a2207c6638bc9fb781c1,37.0
c771107092710eec24eba1116d345df6,37.0
66cab6bde5548a666132b5fd7417d43e,37.0
f812a9f139b51359595f1693015df02b,36.0
ffccbf909c060eb2f9d84d4d23cd86e4,36.0
d81bfc9aa4b7dd2fe4f9c5da679b6638,36.0
b0d87cf462009004b369289f2d9c0927,36.0
ce78bee698ce1ec3374d07953dde9067,36.0
fdec90ff8c0d92d2db4071b4e235819c,36.0
19928def7e9fbec76983036ec48e6d08,36.0
24d67fb5445a3a65e5f569d4b431bb4b,36.0
9662f417b64246d5dde607a4e91bd9ca,36.0
8d027d43c0f26835a41a8b065d57d29f,36.0
41291440994215d53a872762e5e54d97,35.0
5c30676657263609615c7ace57bfab52,35.0
c021c1f8c05474771956dfd730c919aa,35.0
e0635aa0f7a7ca8c6bd898cc636d720f,34.0
95ea1430cd2ce32ae0bf88ee9537611f,34.0
3057c9147392980067fa5fe1b39166f6,34.0
245ae06dce8860f235620bce77af453b,34.0
6b15db685735748b2126b199b104789c,34.0
9c5c12f024d2189078f8a1f36c8a95cb,34.0
f134b0c99ed79936d89a1df6ac659468,34.0
135bbb9c675c9a18701aa82ec1882b70,33.0
933063ec4274813f8516a123734e1ffa,33.0
b1ae9b460b5f3287a8d3481c8074cd0c,33.0
ccde7a3bc5b0ee6644a831f99d232d41,33.0
6dab0f24a48068e72364676d1a261d9e,33.0
0fd749be73cb787e08103c1066f49b15,33.0
3c39bd75e077605a3ecdcd21bde81d5d,33.0
ac1213dc34245a2a7822d8dd606745af,33.0
b1e5cb9e6e9b424739ba1ae9035b64a4,33.0
7626dfec949f21b7c159c60b8a055fc5,32.0
0631e63896b34856ee1cbca1ca261eb8,32.0
0c86b4f7b19df2eeb374f7a3c700f01c,32.0
d1ca7f4539a11ed339cfd3ffaa497526,32.0
6ca8f5dd566037dd32092cacffa55c8e,32.0
22f6dc977c8a2d276f3d6153f123556e,32.0
3b78ddfdd9fa167a73524c43221e75f9,32.0
7552fe5ca6120fe72a29328675bd8f4c,32.0
5a3bcebf1f384c215eccd0b2cf65a6eb,32.0
8806f6b0d20203c208ee0d025031082b,32.0
8a9910e17ebd3f37bf1c3d7e6ce3def2,32.0
30923525f3cbc097bb29efd353919aca,32.0
e4afa831c8ae16d8f6ac36a8c7b7daac,32.0
e64999fe8112637d4766796bc2d1c68c,32.0
3e87e1db4dad2b670ae57198fabf8a2d,32.0
e2ddc9d9280bb711ac6ffd772c665abb,32.0
82bde13fa351cf640960835517fac952,32.0
13153f4cc47a7eb6b2d272f5d820fc30,31.0
393c1a66ff075b02fce28e3e400d7768,31.0
ba20f7ab98180850b48e34ad81f68653,31.0
08faa4fcf3bf8070febe0258cdee1ae2,31.0
a9056f714629368407fb3ea60fde340e,31.0
9b329e1bac46b1604424c5c4d3c27312,31.0
5e101316c248023b09a73b1692561f6b,31.0
1be00bc9d5dd6543871e77e62bd05f2e,31.0
4a111950956ce1eb5260dfeb610ebd9b,30.0
462498e1c57ffe4c20e5ff814f4f67ef,30.0
2215590fb375b9ad7431ec1d84301728,30.0
d9b01940bf40e2ddeb87d97cb6d5e4a3,30.0
f4d6ce59e8eb169e43264125d19cda65,30.0
667745b0852f451a490e273f9e3fd486,30.0
53040589629a46e9423205d81d70e56b,30.0
9436d8cb78456fc9b405a33b2de0cdaa,30.0
fd1f644ac0303ad2537916494421f7ff,30.0
fa4fe1e3f5759705243ff0088e1848b1,30.0
71c8405ac9283500208b540626e5690a,30.0
d5200d0f2b328ca31cb1325a0b6dff78,30.0
b1b28cd919685cba40e5f75096867219,30.0
21a894766b46384a58f358247681212f,30.0
9f7e6ee53d6e7e12e56a1636bd47c26e,30.0
4391a5e6f548ea1eeda5ddaabd4a3f00,29.0
4cff7b57a8a115756ad16b6baf2a9f69,29.0
d75d4ed25ec3216a64d6e1895528deda,29.0
1b6d6f1559cd339f7ce9c2f8fba7dd69,29.0
34217cd440688b0b1f8cd39a18bbf0fd,29.0
904aade1c5391f80c9e3b82afb7a3170,29.0
acea8dd7ce8447db78ef5acaff1d6cad,29.0
e347581719b601dced11c3a98f339a2f,29.0
2043d4f2e77cab73cb192560c1e4fdeb,29.0
6899643d846d83cdd6122374ee23ab80,29.0
360ecf36da60db99a2404a85f49fab6f,29.0
1b9934872c5510ee1e94685899a9c9f3,29.0
cbcd5f9afaef62f0c33b479d4354e913,29.0
5c97bc2fa20c6dfb59aa2468b66e42b6,29.0
07b9b0ee60d07d7c5d5d2a6f766d3d48,28.0
8ec6fc8b410875d2bd084dda50c82ace,28.0
c67300a719e434ddd807be19f17135ee,28.0
132db566bbcedf1aacb58f181e11b1b4,28.0
9b425aed4bb4ab802725eed63a8a67a3,28.0
08ca50eea56f18022f99889620a4e441,28.0
0a7a15495fc96414e7a8c73b5f488c3f,28.0
5196daae4895c4be791d1335e8f51bc7,28.0
472a155da83deafa967275a8e1d6bf76,27.0
2bbbae3afd7f82e7450f94c3dbb079e5,27.0
7e53dd06caa64a179ce9b27bf5fe67f6,27.0
08a7b01270ec2bee1a92a0813d717e26,27.0
9b52d545b815769303d05444ba64dd9a,27.0
80fee333bdf672264e49c744e67c8ff4,27.0
b3117ec0677beaabd262fba08c5b4593,27.0
fbf347260a8a95f075c3965cfbc9c3d2,27.0
7d56d0a2a60cefc1b8fe22ae439f4710,27.0
97576d58f1d6828ed74b2f52c6b2ac3a,27.0
8ec591ffadaf42e411c9124eba6743ef,27.0
8b26eddb2efbedd728d1de63ca0fdeb4,27.0
6a3dbb9c89ec8a7b439c1d76aa701c58,26.0
e648c38b1b9e6300c7919c49b32f2d6f,26.0
0996a6d25f1d2c0c28fe3947d0c590d4,26.0
6184f0b1e75cda5265da4646ba5fe76b,26.0
4e64f0b3c260c6ca1213c831c1ba4dc9,26.0
3d597f00dea6742c6375574b00aee834,26.0
e9ab2cf97bb447b8b17cebf6f153a889,26.0
54af285bcaed1e008410f85f2cc51814,26.0
e13171ac10580598ea486f04484dc1ca,26.0
19438d290734af8fbbce1ae76d7c5e7f,26.0
9bc269f8327c9ac0ffcaca5a7043c2d4,26.0
ad63d544eb7b695fc569ba9ed2dbdbfc,26.0
c1c6fd8f75ee1034223a02920bbdb014,26.0
8c062680363a7f944fccd86f1dbce137,26.0
f18127fa75b3c79fde1c93e72f3bdc8c,26.0
9447b7c26aa19450142bc679c908d36e,26.0
dd9ad9315490c571d57ddec41299f3bb,26.0
d6c109754c18fe9c393e9468c2f0c82b,26.0
f28e001d9d5e12644c574a0a3628a961,25.0
9e44ce4cf38b33a6ab4049f3be6bdad0,25.0
c78cc7f16fd53466dd45c42be04ccb07,25.0
90f971a8048ef5feaae6f3b18e7d87b0,25.0
d80da863d4b0822467c4bca01db7cccb,25.0
c5a05a68b386624f06b1f2ee2532fe3e,25.0
6f8eb7667cac26ccadef8c7e16c20c40,25.0
c6aacb25a2741b3dcb19fc4ae86845a4,25.0
fda415e3dc14e0aa472cbe2ba1f35278,25.0
e522d0af5a12b4ab5f50f2f997f3b631,25.0
04bdbf2486199a6d277adba91123e5e6,24.0
b6ce097cef85a4011fa69b647f1ed385,24.0
f3d740ac41fe6ca41a294304fe35ed11,24.0
e8c9eeb48ed237402a655cf179c3bc9a,24.0
46ae4a537900af8ba97e1581a1587e88,24.0
621de7514d930ab9efa6d05061cbc1c7,24.0
b66cfb33f7d7e7040bb3bf71e716f153,24.0
4a0bfd90ff8c5588168f5e3c1452ae78,24.0
d4165269a30bcfa9940cee10bbdeab92,24.0
8297f545bb7c4d4c3ee1f79947ce3375,24.0
61620c8ed07e6b3d30bf122af62324e7,24.0
ad41ce58b4ff2b640d00b158b0b28835,23.0
bb2169dc3eb9108eb2171db491590fcd,23.0
edbc2a0df693cdf878de51cf6b98e5b5,23.0
e52953f802bb3918b64feae23fe53e5e,23.0
56f3d915987264e3ff43007cafe57d31,23.0
4b11b37362ac7a258029310b0602eaf9,23.0
5ee227f3913e1c5f34969c01dbfe4fbf,22.0
5554241e08615d2400ecc5230158180f,22.0
8726ba39f42086ceb0a30c1595842407,22.0
ac559d6cdebbdfbdf89d254be4ae4301,22.0
cf318f5a07724a483e9a6defd0626644,22.0
334055cca342b0baa4053aeb2910cf6d,22.0
f4bb4681faa3033ea22e51436f68150e,22.0
dcdeb94cd7fde64c983b322b64a39722,22.0
8bc1ab820ad7ccf9cf1143b5679b7edc,22.0
57fd005fdd933483667ee3720e8f747a,22.0
26292d89f2bd70dbd5a979415250cb8a,22.0
121d2383729fc1ae5e40b3f4971ac0c0,22.0
fd85eeb70c2f3793809530cb64f787bb,22.0
d6eff9fba53958c146cdff8a5aaf8355,22.0
73f0cf9619336d5b16fb1574378c1c42,22.0
da2100af9d0855361271917353d084b1,22.0
02748b78795964e5d1314a22274701cf,21.0
000040e6eac8f1610ba9acee6f4468f1,21.0
5f015a3b0a8a128c0929a92c027a2065,21.0
d379b96ca56f29732c255b233b5dfd92,21.0
014934c695fb905f310947cc848d0034,21.0
0f5415369df95e3cc7c8b48455990b99,21.0
d4f517ed7e489e8cbe2ef40cf61a8fa7,21.0
fd8eec5c32b8a48a183433f839176377,21.0
ee73010a707982c38b239ad2ee99ca2f,21.0
e62138ecfea27fd85d87ff775d6310a0,21.0
82a465b936df5d51eb2a9260c0ec9202,21.0
a7d63b061b7a5a75c1e134a38ebf6159,21.0
a69587bd1a489689fa4ba38c95304fb3,21.0
a0d03ba5342c2c82ac244c0c5ef28b92,21.0
87bf734b022f76b2f23de28b41d1250f,21.0
c2f9e691dfc56560a5955bab61fc935a,20.0
00a7069c61887549a552b1a92f4507fb,20.0
3377de2ea4896240e55079ce1bb0bb04,20.0
659f00b845ee0a4eb21714dd653c7223,20.0
13f32114e807e20c266cd3f24de6408b,20.0
73615f82416212fc234e311559b3096b,20.0
babef892ead1c31e43ee81053f208ff7,20.0
4a2d51ed38fa521dde755dd934cc6718,20.0
5768399b7234d957b42ec3b75ab476f6,20.0
aa04eecb618f088205258d74dc4556ba,20.0
0b9f690282e39c178c2e5338c0d82c87,20.0
9620194945bcacb5901b5c7ac3e01719,19.0
23a9b140bc50ba6f5be02c3dc3f5525a,19.0
0c5c7d8f5c77aba0a387183d14e699c0,19.0
1e40520b5a8dd395de5f8e35944099b1,19.0
adee083679b803ae84d3642ce765ab3d,19.0
a02b2111427d7fd9f0db3e2ff05f2188,19.0
f4e3c07642e0622153ca228b4665061a,19.0
597af5a9c9d545f60e38fc1052946a6f,19.0
b788f3d3edd07ede3bfd784ae5f5bd9c,19.0
4a6938134a9b8c5383949b4b23c46016,19.0
2c4e09ffd549333a16e8b91dd6a64e4d,19.0
8faadbb7e3db3c81c1f31dc30647b5b3,19.0
7362372e89bad71faef1d7106219726a,19.0
f55546a4c3ffcd14b31c45b2679fc199,19.0
212a0df35f4b01ddae7643e9558355ed,19.0
c924fe86ff837acc7879da1e1b9b37aa,19.0
4d0a1359b4ff0ddf658a81eebb7cc71c,18.0
6624fbee622e685bd2a67516f81de5dc,18.0
8fa0e784ca6b6433f4fbecc92e8741e2,18.0
6a80be377fbc3eb278274e0b708e92fb,18.0
173ae448654ca5335227d3b8525c15a4,18.0
bf43271b6b902a51a84e1924f2fcf9fe,18.0
146c3f9ab7d88d750138449c511a83c0,18.0
14cbe906beaae577a2f9bbe2b7d5cc90,18.0
611459232502e608bbec31f3d8097d4d,18.0
04cf3932c69dad4a8fae50806662fda0,18.0
36ad6547a2dd8861677b3bf6adaefa2f,18.0
97d2117a2e9a0037df614de4cb28eca5,18.0
e7236ed4f14147126ef299a5e9b2108e,18.0
ce7485280b080747aff13fce73e1d86a,18.0
b996928f9e1f246a0a9071b3a50ae37c,18.0
1cd827cc999c6116fc0f84af365e14d7,18.0
05ed353e4545c1a9ec82177178bd44df,18.0
0b34750d50ec75003bb891abbf0062f0,18.0
87bf8db7c8487cfafeb4faee59c3dced,18.0
ed2142200c7decc9f5fdfa634e15b85d,18.0
0010416c196aa95e7b86731a8276258a,17.0
e234f0ebe5799ed23d03596872bc2bad,17.0
a3cde677d961825dca50c02c15bf6e58,17.0
a1390d83c984fdf426b69b29584a5d3e,17.0
8048de359a1a6fdcb2b129ce60e8e032,17.0
1adcb0959d1806806d37cc8b66eaeeb3,17.0
cab2e83535a8c2a14917de180f0b97c4,17.0
c82ff3654cf1c5d66bc7db107928207e,17.0
a02a6fe3d2538f52fae5f6614ef8dec4,17.0
32c58367e786db881e82a25785650d73,17.0
a1cd2347e9208ac2f485c265478d65e9,17.0
4c2d2b8436599df3551198142df02060,17.0
778b9b84ec831cd7981060f93652f802,17.0
cc84d9c0555d741606c80f3d92bc9196,17.0
dd3d638cf7025b68870a0c85ee9893f2,17.0
80e76e9dccf56ec7d4433603d0fc5884,17.0
1e38d86853fbf7266262b6726adec028,17.0
2f4a78ec9eedac8fd57244163efa7a1e,17.0
ac29eddf86cbfa5cb94bac97641f61a3,17.0
a01df9b1bc25132e0d0baf81e03d3814,17.0
2caf293b4cc04b809571d0e03a040784,17.0
d7c5e6603b48188e482f12b55083f09f,17.0
dbc285800d94876db75ea1fc6c3d5d91,17.0
024bba16d89a27c39ee529c5e9a082ed,17.0
4f0e6065cf2659c60920c8aef3334ca4,17.0
eeca98423cec245b3a422d3a035b561a,17.0
47d4d9eb14212ab35f8a091c109c9519,17.0
d5a1b61ca827738382e2cc285274bc18,17.0
79762796b10321809d31fbeef4cbe129,17.0
2413590a8b2016d405123bbe5bf507c4,17.0
05df2cd1dbca0d734f33002ac52a32ce,17.0
280c6a261948937e5d9949eaff766993,17.0
2c7d211525dcb609c46283f1ded67db0,17.0
03d4e4c1734c5d53288cd656bea5e763,17.0
267dbe09adb7c49b77eb0d4fb8dd22a4,16.0
fe59a5125ab3982f98b139c44e16e5f2,16.0
2b50ab004308a7f31794bb9fc48aca44,16.0
62b25f1472a1acd5f95c9af57b58c002,16.0
3f48c461e35feec76fc646f9a6afec63,16.0
7b8193fdceb6e204675a84988650111e,16.0
4cdee83d367e992e37a65b2e42e33e61,16.0
d96802125db50d3e63e57ee29a2b399e,16.0
966464045acaf61f294f124dc5b986e1,16.0
ad10810d1c19a4ec22dbe9949330fd74,16.0
29c5a898b951a9e4c8488574f810aef6,16.0
9cf4e6413e8507d6f52876aaf23fad29,16.0
6a8134d13e33f829ace6eb5ebe26cf1d,16.0
2cb910719768eb0cb6c2c58e2669093c,16.0
c73f397feecbbfde1884858c23a86052,16.0
73be8827b114df4fa8cc54a947c7a193,16.0
985d9b56f8056d09ac237809c2db9052,16.0
764a2b399cf48bd3d2cab048acd266ef,16.0
77bef715e62e3637e6d06442359abc38,16.0
134c1378a4c31801b03ca796efe937cb,16.0
195799978d19d3b8d4538587f5112a78,16.0
a82139e491b02a0f6c7ee4e104886f42,16.0
d93d99fe5c4ca921622238b9fb830447,15.0
4c35b7e45a91ff2889f31d1976b11f74,15.0
6e706d01762eeae5a10bdde84400384b,15.0
588fb6c40b822217d1565f8e90d7e92b,15.0
9263f481f0861af311818fafd60f5153,15.0
82280b1cfc1004272eee54b904bd9b79,15.0
4592a14cbb779e5ae8c0184b545d9051,15.0
2e9f1c3013022ced2c0c9567d59fc064,15.0
f34e332a52b56ae8bfb4dc53adf89479,15.0
ff99716749d12b5b33b706ae2e89445b,15.0
e82995ae79c9856d14c9361ee0debd82,15.0
f581675bdc93c8a2707e422e8887e375,15.0
e67d3abe96db5c60c7bc12dd8f4830b1,15.0
77c13692fa4b455fb6c933fca82f3a01,15.0
7a1ddd108c6c7e6ee46e219eecb16344,15.0
1023418313a7f1fbe54c2ca61fb1e7e2,15.0
175b8cc83881328e40dd3f2ae544ae6d,15.0
99733aa97fb04c03070200f9d1ba820e,15.0
3ceec13b3610fe0e231bee6736bf56d8,15.0
a73f334d09c831af44ed8b0632f8a28e,15.0
d7ca53038401248afb6775e1b5b2bf84,15.0
b514dc774023cbf0b036689119ccbdba,15.0
8a7b1b0050024206c51f94fd5f3c42f5,15.0
54742152882d355c7ed32e0fece242c5,15.0
3dea77dcc4bef7d739b4607c4850d091,15.0
cb6e46cbadf799db008aa6a5388157a5,15.0
646c71d4da54e74bf605ca97acb1b313,15.0
651dc01130e57f4ff24a545c9f75f899,15.0
02c3c6c5bd1c4a50349b6fb3c6b1ce21,15.0
1df8ab18f993187ecf6598fca999d67e,14.0
f96557d94c136ef41f16bb0e26bdb0b1,14.0
5c073502a26ccda108376592d369fb2e,14.0
5fdaddd1f2651df2b1de3f153c19812b,14.0
04482ecf85cc3a29f1e9c952c8af558a,14.0
d8d5419d7965c577432599a2c427ac50,14.0
2043bb54c8f568d60288e5fb31d8d09e,14.0
1eb28f7d39de0f1fcdb003d15f768a17,14.0
8b5e5c4942a40e815b59a7e5d1eaccf2,14.0
95e42b32922d360c8488a4abe4094232,14.0
af7c6bf0e46dd165d4442ec7665ea805,14.0
c61525e6f02ea8e1627efc7fb5f8bda6,14.0
787b7af20e78de33eba7da7f663ab2f6,14.0
86c8621d8404e77beea6b1ecb091cef5,14.0
71b5188636c153842390e79c97ffdda8,14.0
fcea4ea3c5c6f71aee3954eb6430ecb2,14.0
fd375eb1a1a7db492cfa3ed2f28b5e48,14.0
2db435ce4feb09a090b4c81ae9bf4b8d,14.0
447c87c95684dc3b5c54baf3635ad68c,14.0
e53822c4704a35a2a7dc9df7badecc01,14.0
fd6d03189e4f41b31273c6420304458c,14.0
3f3e4a4757e11ff2bf1a17254351a283,14.0
e2e29263aa1c6de0a46ab431a6cc3adf,14.0
c1c224b22f3220d3003a20214ed63e51,14.0
ee2f8f66ecc72aa9b36ee54f111ee672,14.0
cde676a8b8b0971efc5ffaabf672c1f0,14.0
e55f05cf47b44dd501d872ad31b8277d,14.0
4652466cc7012c752a69d93e5bccc665,14.0
1c0d79ad7f2d3d64e724f4e15ddfef42,14.0
0b6dc233aac8912de7070f430251cf38,14.0
6d0e2105ecc7f53f3fbac3d675c7831c,13.0
d326a15b6c097565860b7a0b6a2fa0a8,13.0
13990875ebbe3549fdadb89e8fa14234,13.0
bb6352bbd34ec4aae8b5a1926d26ea35,13.0
cca5dbe0a5baa90045cf14616c85ec62,13.0
c629d0ffe50bada625266fa026d08290,13.0
1bedbfc5ea33cae5a4b1899c81ea9690,13.0
66c62d0514565c6fa9da2eb0e5c3b8da,13.0
c2a8a52c104d466deec45f7e0f0dd97e,13.0
2f449d5f9b4c6067c46460cee9063ebd,13.0
2e0cf2b0101e5e183047b44b69e7bbae,13.0
634efcf88edb15a402b11b8749647727,13.0
9671281731dff6423e026e764d63e52b,13.0
42fd48a0620ee7802ddcd37168d7b182,13.0
da592dfed243810a3ac52cdd6f1af22a,13.0
f031d723de376d529e41e914468d2499,13.0
2973679c22a7d1e066659e80a6dcc32f,13.0
96afec41b75031a3bc99f0cde8b4c619,13.0
a8cf138f076d86a2ae0f495bd94f5705,13.0
baa136776a80663b6f5eea4023d041c2,13.0
5dd612a230b3e6c32752901577459fe7,13.0
61f6e835816aade50df9bfd39ad43a43,13.0
628a3cab1736296d2701f276caae379a,13.0
ed458fb9ff5456a8fb2d15b20c714ffd,13.0
4164a1da99c266d9032e2b90fc335217,13.0
09b96d3039a33815ff6268c491adb787,13.0
d380d858e12f4e57c1b00b7c1f63e98c,13.0
76375608131e13fe6732b7d0552a08f6,13.0
e7fbd649b42d9108128a266d68dca044,13.0
09fa058f6a30f81e1b1ca28297ab1861,13.0
447e67042ce3497a4e1466825040a8d3,13.0
3cae7ab684aca938c84d4489b0fd77a1,12.0
98a4a8179c027fda65f21349f07e55b5,12.0
6ad2db06da9f9ff8c0bb363543dc9c3d,12.0
697d59de58d7c6424b8cbcc71087f5d4,12.0
a0b38f9e6e3a094bc22f96d2f3247b99,12.0
e17b4db0e2911b56a5c34eb04d5af1a2,12.0
10f4a95d56731248c7715542ba2547ad,12.0
9f7671a84ebd1648bae00890dd7f0e67,12.0
2f653010f798916d6636536743cdd7fd,12.0
f050befa4a602eefdbfb02591a8520ad,12.0
40b5815bbbc6552afd5ae014548f5290,12.0
64c0da4f6e1a551a8e4c6baeef8d2a33,12.0
efce7dfa5018564fd979a1766c1ff56d,12.0
0e16e8537dffd51376938bf0f5415724,12.0
403eaf66364b98c126aba1c3e05b0810,12.0
82ad651085c9263890c4deb0a16bf646,12.0
548b6866599a2ea1582596e4ec207263,12.0
c424287667c7883940525ba6f8aa3429,12.0
d5cadcaafc4ca63324673c794afc5ae8,12.0
3ad1157ca2f2d904fe86b6f2c88dcbec,12.0
403b5765532f5f0f799674a3b9ea411f,12.0
b2fefae2eb1a5f0c2316d5b325693464,12.0
6370f2baf54092161ab36b73a26f9547,12.0
0ba8c89e4d8661cd9610f9f8ad3fe492,12.0
ad0334f3ace7853d0da4322032de93ad,12.0
cddd0e3e0499323d70325c485ab24e7a,12.0
c943831cdb2c65af99282c9afa0fef7d,12.0
c23336044b093ae1c530e1fdc97c51da,12.0
a999dba4c4d4597b70397d24b22c5b3d,12.0
2e8c60386390dce3ab011a343adf0cc7,12.0
cc80739a1571895bfcc15b6a0e6fb57d,12.0
b3d6bd1e688e9b97effc243fda14085b,12.0
28183b64c5fa5ce7eb50cd32d2ccc183,12.0
d80fe1d5914a3abef1c0f3f97f934357,12.0
68fbb76dd1242f1accaf1635d25f922f,12.0
6ce6ef7a0203b5223d9b0a6a29a4a604,12.0
48b627c61d9678043eb7252f56e37544,12.0
d3c66b66c0f4cbd1ead95b9ed581336f,12.0
9da1ae56fae5077a9acf297bd9941d76,12.0
3e9b25229c7716675b35473032688cbb,12.0
2f54975d0247b946b88a0f18c482ac27,11.0
b55870e954b16c43deb6fff14c5903f1,11.0
7eaa2034a21192be6ecfaec001f3fa08,11.0
c2bd38ed77af70bc5037589266be3031,11.0
e3c1b9687b257a37694e8872d20da797,11.0
15f91cb085a7422d2e05b658bd9ae295,11.0
04de6089fb8cd5b572f19b015ff7842c,11.0
2d1797bc52c17eecb623aa43545398c1,11.0
0f23c45b4ceac7789fb96b07e229a627,11.0
498acef5491b5980c96014161e3c3d89,11.0
7c9462759579575a2f82b40a437d7434,11.0
87fd01cb38515c4fcb527c7e7371dd6d,11.0
e2bfa988bf31a54a4cf2a855bdf871b9,11.0
dfc9d131593713043bdfcb9ef593223d,11.0
bf46b4acf7dde84ec6fe746b98b3a5ac,11.0
2ab4f5f5da3c1adc293d7d4cce0c642f,11.0
5b4d4a9a44ab4c8addf24a05cb768d66,11.0
4eac9c04f73efde8a0927b1eebc25fe3,11.0
fec5ff1e8ebbe5c9a105d93ce12413a7,11.0
fcebea6aad307be2583f2558951f92c7,11.0
dec0781bd84e53fc8cb18dc1531a2cb6,11.0
215c8ccf57de923f04db86c43a040aa7,11.0
f83b048b4bb93c0a998ca11d1a961c96,11.0
4eb4240858037a83b2c815e4fb39902e,11.0
cc6a8506bb0decbad7f6db28fa5243b7,11.0
c4e52b1fa400333f8a878e56f275c399,11.0
ac37cb302e6b292e361750761732f913,11.0
e5d1153c149e129573811b7591d7b1b2,11.0
098b3a6aa4b222cdc102c740cc47edc3,11.0
fdc6c61d0461ad7843f528092f3b880c,11.0
89bd746aaf39d623a7e8d7ad76b0b082,11.0
4e236250b6455de2ea119fcdcaca2dff,11.0
ccd3fbe63117ff8bd8d3f17dd951f7d0,11.0
31cbfd8abd9c8fc367c3185bfe1c09ea,11.0
fb8feecb440378de19b2f2c501be15fa,11.0
fe97bf1470de1ac908c938dc012f6be6,11.0
dbb8ce782b073260e6f94b2de195cb75,11.0
fcb84119a7d05836b3d71012d02916c5,11.0
411fcac13d99b89582ddb0a48bfd0658,11.0
6bdb82d74cf4e51cb585b6c853b30f21,10.0
5368002a813e800378a9e6558815b3ba,10.0
fa2dc50009d0c50673d10c77575e3b33,10.0
8aa9111b8a8c8fce1123aa053a3057e9,10.0
db11f40415f2590e9e46bcd9e0776b8a,10.0
736f51510bc8fda5abb1d29d04b1bfca,10.0
afa22515edabdb04d47820d0aa265d01,10.0
72eb3413e88952ef3c68d9b259a7fa1f,10.0
ede1e64de29df54c993a55d762eb592a,10.0
091b5855fe65d24c8d771c5f923efa21,10.0
5ee0649bc0985429cb304e946ce2ae20,10.0
f578aa001934ef5d776fa154f03d7927,10.0
76d37602b5ba3f1b49faece80ac90e7f,10.0
f60ad2122d350c747bc5e1f7a7933fc7,10.0
f40c347cac680f37dbe3cee007b936e7,10.0
d38b33ededc5ce4ecaa92a255f5176c0,10.0
0b5fe3fb767fbaf7eb5bf116ac026325,10.0
2824fa5d7a0b3f9d8cdf50b32b7a9d4b,10.0
717426fc1e2958d81385579d511a04b3,10.0
be2189402ab7296479d0e4e4a818a28b,10.0
bccc62fb8ec0cefbe37e499ce2aaeb60,10.0
416b2cb11763cafbf7da4164809cec31,10.0
905e4599791f1a0b9ece9cd10d64dc3a,10.0
0b14d8e2dc0ed39c7c7ef5c6bc5003d8,10.0
e374c3ab5b9ab5d3e59a880fcc193a9e,10.0
8719b1e124c29c98c3113da0d1335f2f,10.0
502c5b5d3bebe21cd645ab473507bbfb,10.0
f7ef9906946e2146b53d0883e5f1e9b3,10.0
0586965a91da8fadfb1437d1ddf63b15,10.0
2ae76cb8c84b95459667c7dfedca1d61,10.0
d94d662db4eb61fb55c5fcc3cfc5abf0,10.0
276dc194a6bc1dff75656c1a0ffa3a9d,10.0
8b882313b524b722e758eae1dabb6cfb,10.0
db83b256802946f5a381465dca0d41ca,10.0
c8db0770706ac1f5973c380bf3e43757,10.0
a4e4b7ac9024b4b82aff7bf076d39037,10.0
b78c0b07268986256c2338a3b3e7e336,10.0
87772468e0f13912dc1855dc00369843,10.0
51edf619922fc1d0360826fee6cab18a,10.0
94caa825555e81664d564064a0849fd9,10.0
39fab29b4056ada7474458c706e84ee3,10.0
1f58fa05fa6514190cd6283e00515dcd,10.0
a081ec7db0f581a3336a449ca422b72e,10.0
60bc6a247e12c02df58165d5284e0d8d,10.0
aba08712f17444cf569cab43ad7fc51f,10.0
72df2f9bb8bc4803722c0a6fbd8cdb85,10.0
b3a04a9b7e4bb4db5b45668fb190d103,10.0
cd7bcfaf08676060a6d61e28163d2085,10.0
ca914d9ae7c14fa6342b74ae8f72468c,10.0
d28d58cd6ee707652118a086bb833e16,10.0
189650890b3986207e7a0517e21ecd09,9.0
2797fc3f47475a4810208c89d4aba2d8,9.0
5d42db396ebd230406fb7ecbb43be437,9.0
b420e546b1cf51cd79d84ea74ebb3d92,9.0
2b6b0860fe62d57b14bb99dc279775e7,9.0
33620c4641d762fa43b67783c9778184,9.0
1942be810c95ebf222105eda3008099f,9.0
112158af0d967a043179375601f08129,9.0
eb69b3ba1d7246dd8fc2757e3183bc50,9.0
867c2870569f4186cdfa793932a32c7f,9.0
38f9479d2f37d1036274704b09d2e3c5,9.0
59a543ba93362867f5cec7ff0e001f4f,9.0
e8dc13b57bc846ab12e37048cf816144,9.0
eaff3a592157ac5c56826cbba0ec56fb,9.0
e48c1d25cdb4f99540b048d31d57f59b,9.0
d55ed211c48caca7df78fda259df8ac2,9.0
47d283a3f15b9959df96af278d4c35d4,9.0
b7690e2533ae86ace45fb28e3cd799e0,9.0
3a6046f0cdaa531319ee9cb1662b167e,9.0
8cb034bca6414f629a571808d5c3a08d,9.0
447b2ed26ecbe146818d50558f19c43e,9.0
629269e1874d383e21fe1dbefb80df9c,9.0
4d4ef816ee580be112012738e69e1a73,9.0
eabc48af5211531982368e724e88c8e9,9.0
e80e070a92586bfca5c7215b5b3822f1,9.0
80d5282892f14c4d4adcc0a3f31f248e,9.0
b77f0153e512a1d462092caac356ee13,9.0
4734a107fb774c46c0ecb974915a4781,9.0
f782690f58797be689181047ca78283b,9.0
0db5616f89f85a07e9461505f1bd3232,9.0
9e9e33038662ea6dad5d50a66c2136b4,9.0
f3df39e0c5b3c7faf6ddb1c9c470e86d,9.0
61147083c1d8edbccdbc7aed5772ced6,9.0
c4ce8dd17d87ff316da8b7d6f87eed04,9.0
cce86ca1711d84264f4fbb23fb83158d,9.0
8d602d5c0923a794062b1ce1a550bc0d,9.0
879cfe34af408763c8318b09fbb118b1,9.0
85720e9c0d2abbca6faf099278f9d229,9.0
ee2cc6c66445eda8761e5dd47fa7df4a,9.0
3ffaf60c00965580e0f52ca1d836bd48,9.0
1cead9ca1d840b600d70a0110c9f3030,9.0
b27e92693ad4a1fe8bb7a7df7a566448,9.0
55e29e8099224e4e3ab4359282ba5d70,8.0
bb949acb935d09b358a12746eb87c500,8.0
eafe65fdc5cd182c384380b6a177c1e6,8.0
fa17c9eac28a13fc51f47b7142cd7cea,8.0
d83576825bb614948776a579cba5307f,8.0
6327dd7f5fc1a1bd41390a830bf2ef11,8.0
d96a9e00d775ca1aecc00a1bec87650f,8.0
bd4862267a16585f0147822c8db00650,8.0
07010ef9dfba11975e4076cbdd0a428d,8.0
a3e77c4c5ec02da5bae06f8f3a91e62c,8.0
7bcf3f02ec0962970587b08f35f209d4,8.0
9d9ff055db9d80c7e67cfa230081304e,8.0
10233152d1722f2a9deb3451cf77e01f,8.0
e1e16ff927d60a71800d274fcce5f79b,8.0
c1e8642f8860f09533337e6dcac4c65f,8.0
63f233b55d5b7262ce4b2da6de3e1e21,8.0
c4166b0ed55d562de44da32f32a2a12d,8.0
3c190beae5bb5573b73d0bfd909d1f1b,8.0
9112d506896822e2d73479cdfee8961a,8.0
573f3cdd576ce25807b085082f848406,8.0
c084f13a90b668d853a5ee5fd69af578,8.0
6cfcb015a00c6f3fb16e6eec63f4a35c,8.0
acba108beade5ae472588b2eee549fa1,8.0
1db331ef1773d7b27b8e386278202b7e,8.0
e93b20cd60a8ef52164fa7aeb509eba4,8.0
154a79a7043b26b95e05d4d76854e53f,8.0
48eb08f907c3974f0a7e6845acf5bd5c,8.0
3e18cefe8843cc22d450610e679e5a8b,8.0
e0900b3b5fdddeadaa7b7bfba8c67cba,8.0
2340541195f893bdcb2b9b83d1f37900,8.0
ba2ed81dde91af827bdba64d9641e336,8.0
1866d3ab51b74fba0ad3a9188aed238c,8.0
dd26e53b4bde15bf5ae40fcb98412679,8.0
e7af0491765d0c5b525e2e0f99ea41f9,8.0
70a5c10920d0801b7b3d422b6a3487d9,8.0
155edc0ea61322f010d36e3dc15a82d1,8.0
d5d621c8eba7a45a20fa40a5ec3d225c,8.0
7ab0309ed6fb673d7968346e28e4c651,8.0
91d6e429022c8a6f4623306acfb100ff,8.0
74f1ca5de9ea2440e5c3efa388c602d0,8.0
21306019f9e85c4255aec1d7aaec49cd,8.0
7eb5a083dd602d3e0b08b25b21565f59,8.0
081dee9071f4c78ffa685d46e819a857,8.0
6a2cb672602bb82d753cf971dc84ab45,8.0
73a57cce038f18c9ae8dfc3858e3f47d,8.0
d127b0115248e7bcb0c7b26cce54846d,8.0
2e9271299c4530dec548ffb82c66fa3e,8.0
93f0a81b98321e7b907f3f3790248e61,8.0
54d2ead0dcf534c8450eb58b2fd2093a,8.0
91a6096169254159d7ff9fdbdcf9151a,8.0
b100325d79d81bdfffda417f460173bd,8.0
8bc2f255e0c4085ce1f42022a72f0f71,8.0
8bd591fbfb3fb71a0b7f71770fbb67c7,8.0
27326da3fb859712701e61c062406763,8.0
fa5bc1f7f6a0f4b7848e7f9e82acc725,8.0
effaf23316ca93a91310ec3bca9a9314,8.0
502aedfb716445da14daaac4e279504a,8.0
abd4d081e4d0f4fad90edab1d0bf0325,8.0
c72915e8b6a2eeeac9f152c91ca37f19,8.0
5507cdab7ea7597c57c602b9e404fd94,8.0
994ddcda3695162d145abdd18949e198,8.0
14132d9ce0af38b2eb1d855cb5cd4ef3,8.0
d0c0809acda55d6d398959aca58883b1,8.0
873719946d5c70f2f16db83e53316b55,8.0
4e6299c77c52966db9d663d319bca552,8.0
e8eb99594bb44f31698ad080c59ac236,8.0
fb14c02971e89875e6d1cb29e798d907,7.0
12d332bfe6e66c7ac79fb84444b3d041,7.0
ab8052c628fded840085cedca365cc3a,7.0
e4d6ab9abbb51c8eb4f9b5ea32b9fcf4,7.0
e37a43269d94ea1b6fe2e02c22162156,7.0
dfcc544b422b809ca32ff7be14df0009,7.0
eada760f724f73ba2bdd54811d749868,7.0
d6278404d004c089d603560d721fb154,7.0
a6fd1e38cec5b60da71ffd8e58d61dce,7.0
f94a6138aa96173e57d085b4ae2b1f60,7.0
6f75cc02e13e1f3993724935304bc37c,7.0
1c2cdb3d9de40777f4071ca6dfdcbeee,7.0
e78b0514f907c3230d7a51d33bbee31d,7.0
573f358fb033c7f24091617dcb6ed470,7.0
6be394b2f1d5e57b0e81dd2499caff0b,7.0
5b9a8d92c08e5fcd5ac050d3f459977e,7.0
ace9abfc57e623d4d7d0feb699af97e0,7.0
e98b0e1e5aa61bb0dd085c4b63100f2b,7.0
91a6154f43fd15d2bd96a45437b84287,7.0
73c5b40e28fd034abf19bbdd1fb969a1,7.0
c6da721c175f38128aa754d2f58a14ea,7.0
7d481a5c2ea387bac75c7da531904a02,7.0
8afaa24bda89d54d987367036f59507d,7.0
976b1dd4f58c9027c652ccca30a9153d,7.0
d7f796d0a02914462788c3b0ce884ad6,7.0
9dab4db2ece8dcf22533d49c73afb2c6,7.0
5f7f79c57f61f3e6205e35d37323c58a,7.0
3f133b779bff61abd99fd7beaa2ba3a4,7.0
72850f21ede7cfa2aa5c930d999e37c5,7.0
efc1cec3feede1f80d8912b220e63d55,7.0
3757a41a3e6fa8a6c339e89fd4a45dc1,7.0
35f63f8542fd3d7cefbb88bb7874ced5,7.0
856710c9bfec5503596a050fe4b3f586,7.0
ef36abd10e2fc7619c5ce7068b2c41e7,7.0
61956ca5bea1819932ccd2a9b20393fc,7.0
b8420c2e11cc062fd99e1155ddddb171,7.0
b997d5bb27a936f7ef94fdb86429105b,7.0
62de96de63f8a535df3c2b920c370238,7.0
2e117280868e651a38e2a7547f8fb37b,7.0
2b3fd00d499114e6dd2a01057d9d500a,7.0
df65bcb27da8c63b9b9010c4c171d33e,7.0
ec86dd74868bfb41cf0391d64d43f7bb,7.0
1b23a2bad8759d5b34838c5409e6bd1b,7.0
250a2111b9b89feaab507b85da4e77b7,7.0
116e454f5de3d11e99a43b38f1c5525f,7.0
c6e656917fb20e5b23a69b531db7c566,7.0
eed2cefeb983d59d2532d3acd9f6d20b,7.0
8a2f1e33181237cb7755cc0b59906602,7.0
427ce9a05fbc51f9f22de0d544336cff,7.0
ea48a6a8a63b744242706761847e8819,7.0
cf92e84fcb7995a7f25de254c46233a1,7.0
0199b945dc53eeef015000b1fef2b011,7.0
4276339928777eb36393002b379ef333,7.0
dfd9e922bf9a7da8afa6d9f7e6e845f7,7.0
efc5074006a812e544267d3f04ece0d2,7.0
a069d856d6ed3d7a5ab8fc29149360ae,7.0
4a10e5bb8e0154a7b37a7c205e8e8247,7.0
34089e468b86a5542f182148fbc1d2bf,7.0
23b7de7ab774c92328a3a584ec284912,7.0
7c1fd64e00b69114d0a63a37b4faafdb,7.0
77d2fffc43273f4322cda328a075566f,7.0
6e0f572abb6fdf1f422037b286ad74e9,7.0
f450ba8c2b1f1333de4708bd1db40d57,7.0
bbd26f37e5cd5fc08fb41f5e3b2b08cb,7.0
525fe2e7b66ca91bd3910c760259392c,7.0
8c97349621dc1f217b229e76a5c11253,7.0
f4dd5ba803fbfd0e49bccedb68209b80,7.0
ba18870f8180de0c9af68ffa8a8f02ab,7.0
1f93c55accf682291340b9e18c45f651,7.0
e4a4090a0c817685c7ac90aa802c009d,7.0
5ae0e29ab462afbe5e16ce292fec25b6,7.0
85b9edffbe1b90c99f98bad8d010cc93,7.0
65bda0ed9675b5c35266cde22d4988f6,7.0
f24d6ddd17fac30c43089fef35c1c8ab,7.0
7d01aa51f4ce8a046e8021aaf02343cd,7.0
021d40656ba73dbe0c823bb512758b2c,7.0
52be7f5b92dcab276aa078bf86da4631,7.0
f11d0280e11a2d15000d0bdd36f5b142,7.0
c3c264360194759d90133ef2f33e0cc1,7.0
61f2a87148d3276e483caed038e0a1ca,7.0
9d5e7d0419d319a9e31d9d0d6425350c,7.0
c9d4d53244ba11139393a5056692ffe4,7.0
ad667e46dfc763a9a1e32729aef9574b,7.0
15aa45226624e8e0091bf4e4b7dfcc6c,7.0
7233f799dcba34f527b4b4b11aae25de,6.0
3d1c703863f3f4655c3c8bcf9f6bfe4e,6.0
ff34911529594333c52ff78c7c1a0828,6.0
c43f43b4b8c0f90cd479f70b750a0bd2,6.0
83f9392ae7cba4ebb68f9c147c007363,6.0
880df9463a61ae5ca152488705cc4de3,6.0
961dd3aef83e471a3df66209804c16dd,6.0
5a0f77b3c67dae139efe525dce423d86,6.0
a2f02cd07fb5d9a81f1b07bb7cc1ca84,6.0
38c9ee4321e9e6cc92125389ac005a1b,6.0
02845a709d41c2fbd5ba99686955724d,6.0
0f256820b3c63ca234468b20ea078856,6.0
6208e5dd973b315607f36c85b6e62194,6.0
4e87beeac689f33b544398aa716081f0,6.0
e9d253f2ff90604dcb1700d5b25d1aea,6.0
4f2a9db34ac0549362fb36c91f6b8113,6.0
72648d3d8abf3c1a32841e64f0515810,6.0
61b173ca427b384c2de1e4f69b5e7472,6.0
30e6ed15a4503fb1cf05e66cdcc75637,6.0
22b8a930a8dba5154a2f0b0edcb0dd63,6.0
9192d440f5b8fffd50c2c71033be129e,6.0
fc9e3ecee0895fe54a561f4edf4e4e3f,6.0
fe09d9a450a7ac4fad716edccf027505,6.0
616d74d695369ac539d7f39d5430ffad,6.0
f73b77cb88ffec2b811b2a1ba0c58412,6.0
397017ba1776a745b90b6f530141fc9a,6.0
4068a6c8fb93f5cd58fd83ce05b42201,6.0
6946fd63a0a0857e5f906e1a879cb2ed,6.0
f1a908f57ad797e42e45297c3d7db062,6.0
30ef30bbdaa13a702e223abf5225727a,6.0
b6172cff38b296da71b2eef12ba49c14,6.0
bd46b412b3c5221c391b36f40d00b3cf,6.0
1e50f1231c93e11dd003d65b60f0775e,6.0
7b43ce6aff2455847fd4379e70268a97,6.0
73e85ef0634eba6a1143ceb9fa175440,6.0
93f5e8e6ace200129dce550736cbc3dd,6.0
a4253cd3e8d947b6cafec6f187e0d305,6.0
5c214436eec86199c921c63d72fac354,6.0
39c950ee99f9619b31b3b005a5154755,6.0
16ad366cc59034142313bbd3ab1c9671,6.0
e6d0eb4b8db6a036b171f557a8bbadfe,6.0
677c0f281c002d04fcf870b96a30303b,6.0
7e4e0154a514a0bf8a065813de9c04f9,6.0
564a0ab912711ebe60776297c157f291,6.0
3223b3bdd18c5228974aa1c54e6416cf,6.0
739751b3591d184198160d8833c4a97e,6.0
65da179750db26278bdbef089300e727,6.0
f205c8d5e843344d290805d994116e93,6.0
dd393fbbc8a1f37a5ce0414041b3caed,6.0
05c25005971e0bd6f78eff1f58579fa3,6.0
6b6685db8b2cc65360d790a045d9cccc,6.0
bd61fceadcf1e3e68e8c7e38087fee58,6.0
2717ba488f4694a18ef1babda5dc5a4b,6.0
bf0544332f1069fc2d45551d0a99f56c,6.0
75252855dc016e7efb81a4b584634322,6.0
d4527b851c85112ccf493564399f7fdc,6.0
19407dd1b7ac3f4d5ce86de5a95923a3,6.0
e2579a8023d3b3493ddf7d832bf5cd07,6.0
e8f743180bac6f828e7cad3ca1209673,6.0
b4ae7ac6e6d5df8a4c15da6095c7b12c,6.0
c0e239df75c85400d11d33345aca9cab,6.0
f74bea8cd7aa380fa795c614cdf5089b,6.0
1374d2bb4ec197600313bffc3f445856,6.0
795176320f99655a71d7f55e3d6309aa,6.0
d9c16e8bc54b23c5ef5be556d6248c34,6.0
28185e841fab1345eb68627bdbec18f8,6.0
5a838e4a8357393c324ecdf90adc2788,6.0
255594de657da30de39a386ba91c48a1,6.0
cbef69dedd3c948ad557946e5cbf953c,6.0
fdfc771ae91ec96a1ec8850ee729cbe1,6.0
8250327fb9d8e0c7979688fb04f8abc1,6.0
f062b182a8d2fbc7e69615a94a8535df,6.0
649814708b97c485bf5cd6e404f047f4,6.0
97609b13c935c1885387b3d885334cfa,6.0
611c8288a31fd129d233dd9d85ae5b5a,6.0
d83e3ab3bdf8f0a2c333211b02a4c7a4,6.0
9461bca634786b724a3edc601d213af8,6.0
12c808e39b6499ece709676213ff465c,6.0
62a7979f154b430b347bc573241f27f0,6.0
a3960e8610184b9c26a71eb0b933e3c4,6.0
47b3c2e5c4821cbe4d06db34f223e2a4,6.0
ac45fe4b1e8e00328734952bcc3bdf6b,6.0
6ade461419242ea981a46f3777eb4c7b,6.0
868023d400e45cf3d6ed43761f671bac,6.0
a5733a2e2baba000471386d88ed13a8a,6.0
ab3b2be05e7611921fcaf345e25eb0c6,6.0
a82691357a522a2a45a720f58db2373d,6.0
d54d638e9d8680e8559478cd3ecda3ed,6.0
5625445d81e954625a53fa7173553baa,6.0
45e288a1cee04bb548c4f6e83f0cf54c,6.0
a54664cadce9babf07a782c92d1f9763,6.0
2b5ab2b4325a158c119b14c069e4dfdb,6.0
5c18c18d3af82bbd5ae5a3a57f70e773,6.0
dd7ab62656a4a186a2c8539e58bfb1b6,6.0
d6e16135bf994993fa6ddb279256d7f5,6.0
7c06728efc0c61c7aaf46ac1c45ff55f,6.0
598a81ccf4a14135189cfaf0985bfe29,6.0
81a16c3032294a868ed0cc07fd0cd30f,6.0
d3112d04f65911cc4ae51a8ee8fac271,6.0
9bc8bd3642a392099302ef5f2dc121c5,6.0
376da3f468d848e66e98b41d21a7f1a4,6.0
5baa3f467054950b2005228154031485,6.0
cc2caeafa0ccf741b95a407ec6f46eb7,5.0
8c8da26ba32d1977130e2e6ffcf07078,5.0
05bf2bb82b6bb098112b4ac11a840406,5.0
2d9bcb03db19e02b5a5b687ee3ae307b,5.0
c8007f229a95c9b2a979f5784d914392,5.0
d0d51dce23c4afd87e85af6f12c77a43,5.0
fc3fd1707cdc4a1eee087526d6e7acd0,5.0
0e54f01b0277ff98448f0f6103821153,5.0
9a27ecbbb06e924c066edb5f6fb489f7,5.0
7b46ce82cbef79763b4f0ba32e9f2199,5.0
2f710bd27de4ba9deac72e0b6ebe3a4a,5.0
cfebe47c229fe5c8dd55f08003b4201e,5.0
c0cd2fd2b61e2739b7439f986c2ae580,5.0
e351e4b07337c6dd3ae5528dc765a7f9,5.0
0ea4df21a829aef9b569b66bc2f42ebf,5.0
52e22fa58cdd896339d6bdd477db2d9c,5.0
5f5775417d9b8c79135f48423e305a5d,5.0
b2b5bafd1b9c1fe4ec66fddf2413f221,5.0
6477acd31658406bd31b5d1505277d95,5.0
9e4b990510c12b2e107e47d20eee5674,5.0
d590abf3409afcc57fb1b8448d85a19b,5.0
87b2abf2ec2d682b1207c520f218cb4a,5.0
660129352cf07fd629527bff060d3c4a,5.0
9f96a80273ee39084a4a4587e0e9cc45,5.0
e53272315a442a81686ca33d5c31a077,5.0
f73e871424b088609d328c100d8390b9,5.0
e2486afdd1b20e84b148f1fa4656101d,5.0
0f7e68023369d48bae0bf76e74fa961b,5.0
fef5caae234d9ae5a23907dfb751e2aa,5.0
f6b99bcdbcf358410a5006f0703a481f,5.0
d0457ca46c3d8d6af358c534a9fb5c06,5.0
05e37f9752e30d97c19123608c744b7f,5.0
421b31b031d51b2dee98819adfd4ef7d,5.0
5863f429bfbcbfdffc5da75c33ad22f9,5.0
2d9e6e4e52ee90a2af6ee8a079268235,5.0
5472eb66cf89cbd90099bcb52dcb9547,5.0
e0bae55b86c0f9ade08b9a4f2dc5645e,5.0
027d1dd70aa9d32f81f5e02665e7f735,5.0
64a816342fc6df2d5b96db6611db5484,5.0
29098682870d8bb9952155ca57a4b2b8,5.0
44bcf3a1eb294e7a6ff565da0083099a,5.0
9355a757de606f117ef69982d0091fce,5.0
5147251ec8062f83fd7f8f0d7a3b7bec,5.0
073be70429f36bee3b80a626c414aed1,5.0
ba418eda459466506fc76728e183d26a,5.0
3084f0c60a2b008a4b8f2e443af23856,5.0
e82807f8efc5e09b61c93ff65b95e447,5.0
2e50c782dcb014077bda9ec06bfbf547,5.0
8bafa4fb5e837af3e3e3f1015cd8d5b4,5.0
ee97ca2d5c71f28c9cd3dd37bf8083a3,5.0
4b870fc1cf9ba7336821de912af5d1c1,5.0
61512c595585922ab6a45dd7f7dd4476,5.0
82c5c39a104d75de19672d134612da96,5.0
434fcf563caa86b808da162d0cf83cb9,5.0
23c3d5fb113fb1991284917d2879033a,5.0
5fa4c3306265789aa438dcfe7a0eacfd,5.0
8a678f506ac787a505bf30d6198eb7a4,5.0
e48a5cacf22284961119a9a72464ee5d,5.0
a4068c88fcab34ab064d6dfa85f8dd6f,5.0
5ad7016eb96e3f5e857e001245854306,5.0
4d527cbebd3e53b272892ef12f14e28e,5.0
1e3b692ab7967c31e0927f9340a501b7,5.0
fe1ed865e641fa755a694a1be955988b,5.0
c32ef603b724bb059f8476812b1c34c4,5.0
a7706848eace6f400f080710880a209c,5.0
ac88a81a49fd2e0a839040874d13335a,5.0
9cc91002dc5bfcb9151d83abe143464b,5.0
72670f1f6b9deb61605785742a296dac,5.0
5f269a57c37c258270a867aea5a2b009,5.0
0b5be35bbdc835e533bde495a5324787,5.0
c436e3f85b9836fdf637fdaa8309a590,5.0
09fd22acf035a19b1f66c69d4b3888be,5.0
78dece146526339992adb30bb67afae1,5.0
bb6965fe76193a30b706b1128a684a43,5.0
d8354a9d24a6523cd37fc1245376af1c,5.0
4f12942279cf0716cd692059abdb6480,5.0
aab1ae436bb5f689877162608c8a312d,5.0
50df77e90b03254763c1bb5a20e0ad54,5.0
cc049ff1666656ba5cdefd18c2590c7d,5.0
83a5381789d9b36ee36d3a312617f938,5.0
e3ec49561435afb6f4cb409b63d6d3ae,5.0
1ca12dac5a54a5f69f840581d25fcc47,5.0
7063b5550b01620bcc35b481e81685a0,5.0
3436269063782192f1ffc1722c1f5ab2,5.0
6e54f5c1cc70abd9aa8f4f2d447cb477,5.0
35290aa77f29f792c1674acbe7142f8d,5.0
53039893be3b909f0dc9a92156ce56eb,5.0
a4f75c1e92c55169db6ae6305a5a0e7f,5.0
0bb898a12e1f5eb223634a08c66a609a,5.0
e11322b9ff3daeab3eca837f7b2be206,5.0
19dc16d4a022afc205094def6d3e8040,5.0
6bae07e85930bf0e8c8473d483d9064f,5.0
844b7ffa3f02dd3d3275c19fc20554d1,5.0
79af64349924e262ad4402e730e36880,5.0
8125864290b73c7272f2d899e783d132,5.0
183763545dc65c3a46cad2579e0cb962,5.0
a2c9f08c9bbd23a2ec058f755b0cb648,5.0
bda3802f6ddb381aa6f6f357ca14a4a2,5.0
5505039efe391ebda417b5203d5a52b5,5.0
c58cf049bd47c56d48c8d5f063d4a7df,5.0
8a86da94c7205eb3d4394c2717664fe5,5.0
11925293b722747adfd0d54e2b104a1c,5.0
81151ef29c6d8a45c635ffde79cfdcb3,5.0
743f1fae1bf88d0d30bb94e8d8c50fb7,5.0
519baa2395e226c62bebe894cb02aab5,5.0
1f254ec1b598dacacd6b66b9ecbdda02,5.0
96ad6e5f623e34e8faa5a335f9d215c1,5.0
47535ad591b879d6a7dccca1861f2d15,5.0
58919bd0922f193a3c18c26af57f4858,5.0
ae82a498ebebd0c8cb2ce9cd06799d09,5.0
522e6c03e51ffc31258132f0ad2d1cb3,5.0
3b8abb526ee0c0688eae90531a8e197e,5.0
9a8120a2b7a55ee601cb07be062310e2,5.0
adb745944b96810c47fedb7c1da975a6,5.0
7b46bc46256a026e944ad041f24eed1b,5.0
a9f89e11b53a42f0842eb1282e136391,5.0
4ff30e7066cb963f73e363178ca75953,5.0
5d0e0553a2fa89efc0006a047ff24529,5.0
409020a5179899830df1d60879416090,5.0
b1e87a93b2ec66413ede648c9fc331df,5.0
5abfbb5733708b190ab3978b1fbb9893,5.0
60a4cd83490cd0cc12ff3031d8e3cbcb,5.0
a687c059999a824401a472b857ebf455,4.0
2921385b40e1a4ed79bb18d7bce3a636,4.0
fd67ddcd522b2bf2cca28625fce645f1,4.0
8464de2c2a4a8ae4a4645e07e27cfa7a,4.0
f0c8bfe29ea1c481e6dbed4a50d0d70f,4.0
c95253b185d9b93fae2a848d0b512e15,4.0
62058d158b24b3fbea81b2be7061d67d,4.0
8341c73eeede28ee13584e4c0c35c317,4.0
037f7aac73f0a4dd3432cd3098c16a92,4.0
dbd103ff4dc4fcb2d653ad1dc7bce95a,4.0
5ff05867a00e8e84e589c5c6d0414ade,4.0
641ce038ecfb23ef849aeee03c64b6ee,4.0
ff5da281b967a261eb756199271b9eb1,4.0
5c0644f23e7db04b7c8bd37098828313,4.0
662bb66a471fa9fe9e8735b240ca5a98,4.0
8cf144d1a2cb9b742b5e647ae3937887,4.0
fe4d16a806901d5b768c6c9bc9980876,4.0
abf47b5a60d38f12921b26ff56df375d,4.0
9b6ab9862e8c41fa18f659d2844f1293,4.0
ec512e2320b6b2289aa2619757de98e1,4.0
501109cc4f65980d67bf4ca7213bb844,4.0
8cfb16d8031353267b823dab39fac142,4.0
ddfbf998e683934073ef4db8fff6ff6b,4.0
157d025d10c8c1d7b74dcece04c676ac,4.0
1613dcee849b131610c7620472c5fbd1,4.0
79cb339dc26f5b25dd7b92bb7c03ce40,4.0
5f4a676b70edc362f2768469d968538e,4.0
fbd1fbc1b46ca35925ac5672c5f689b2,4.0
22e30b34d1518b36e63da77fb2ca2e1d,4.0
478e8ad518904260ad9c749b57a0c2fa,4.0
fd6522c91e49dd9f6ea2fba88da1f6cb,4.0
24086803b6a468a9ebb728ad873b93b0,4.0
2846cf0e4d802dbb3e43588c7f63e527,4.0
96582f29a6e9f5f080c2d10074b41508,4.0
644b70d98287fe619df2d33b6541048d,4.0
d9622e36a14ae2d6ea8aa4a35ab44015,4.0
b94585a7ce651793c125d44122a2eee1,4.0
568b0f12eb29ff803ba1754003d27f08,4.0
0b9076984b1a7ff04224f986947de1dd,4.0
dd8d5bd71af3cd29389ce8409776f075,4.0
c0fdd9d9480c5c87d4cd1c95ffe4bc4a,4.0
590694523a4928b081ed586cbf4489c3,4.0
7b4f232bed4bb0bbabe325ece0a2ef30,4.0
b6132f7581d893748e2258657095148d,4.0
db281033cc71ee2a54e8cc08dfd279a4,4.0
d86b0ea65c6852c47aa47aaa31e5e523,4.0
006f311fa9120709ac3373f463176ba1,4.0
80057f9876d87febc830a919ac205ce2,4.0
07fc5b4a4a02165c42bdb409f7abaa01,4.0
b92b972f0e01747c751fd0f242285a3a,4.0
8654534fb1a6b9b7d00eb571fabebe4a,4.0
e41ad31169b24e97b602a9518b06c263,4.0
f52b6954576fc2deb833aa0ab73317f8,4.0
c35a05d285b001a3e615e44d134a6c67,4.0
3c6bf9122467335d2a450fbf92ef89f7,4.0
131ad70e56d177382855ec9846e85c7f,4.0
b49a531b8f99fa8efd4a317832c9b21e,4.0
a9245e2e9ba08b6039c4ff4b9fe11691,4.0
c028dcc2c56eff6b6cf867336f6fdd77,4.0
b3111582b2b279bf1f3ad6ad8762bbd7,4.0
956bfa4574827350bd10a2b3539cf56e,4.0
8890c5662e554896ce222ca8b9076eb0,4.0
5cbfa3f0e2c3e688a1a0187dfaf9b3ca,4.0
655495c42475b392e52b4d7141f46065,4.0
86c08af5bd416a9cbc5f86eb69376638,4.0
90e16ce891908ab4c4ad1235c50c2fe3,4.0
368174c48774036593090433ae34a0cd,4.0
cf70bc047f3dcdb318a134b13e6db5f1,4.0
68b62422abb17a77c86c1f1f759d086c,4.0
7470a3ff857dadc5a30b3a9786f7d706,4.0
7aa0e963ec344a7406b7914a85be3ebc,4.0
b3f7432fa4326d1ba5e439b0dc976fcb,4.0
d7a7507ace5626886604526238a006f3,4.0
1ea71879a1e2478e0f48306d365eaf97,4.0
a03b2d3b164d387cebde401ba76d2bb4,4.0
86d1130cf231d9cf84f79f2e999be076,4.0
ef377ad8f4027f83e84fe3aed8d436dd,4.0
85324c68ea4ca0aec29933967d773bdc,4.0
e70a8d63c17cd6f6b2847795408f659c,4.0
8f8417d83b0391cbc1d14da214631cb9,4.0
752ce76688d686d074df9cf669774e90,4.0
6ca24c0de7228829e0798e38551a257d,4.0
e8c9e5616080e00583e1f41fd496893c,4.0
8f60049cb67eb3df9c70c8299f6d237d,4.0
24ba9fdf7de4237a236fd6bd44707071,4.0
011bdc3319cec51b2ee9040d35d828d3,4.0
1803bf94717114711c9ee6148de3064f,4.0
c52b9c7894eda2aa228fa45f72ceed71,4.0
5caae27dc0baa43d95b739b68cac0607,4.0
9c0a6e26db84efff088cafac57736f7d,4.0
a5b0b0c420bf6ee01c05f8213330c41e,4.0
964d91e67da60198b9fd66c5c22e340c,4.0
e5e39571f264c66092c5250ac01314ca,4.0
dcf3f67e8032e2cd261893fac0bf9c1a,4.0
049f12d3dd6dce6c0eac4185464d10fe,4.0
542a508633a1efbebe53c2e1b2114d6d,4.0
143b304f4ed808fc4a7d062aab023874,4.0
d5da3d1d79b33a5bc94ad367de2421c3,4.0
b807e9358ab9a58413e1d55b9eb94a07,4.0
f9c35eed54d4b95eb0762ac87c0e5224,4.0
0ed61aafb8f3412b9e0a7e9bcba955c8,4.0
4e8c9d6ea192eba1db16ca1f71e8bbce,4.0
a376fb03719af43b9afe809ac995b8cb,4.0
15ec7086a44cd1ca681c9470b696bddc,4.0
0733ec562e7a2618cd906a2f8cf1a4d0,4.0
40e9f8a9e0a6309198273ea361dfd020,4.0
8451799e6a34473b5f6ac8ebfbe02e2a,4.0
adfcc3b62b35c68bdd7f613dfb573c1e,4.0
b89c882f2916e43cbf40c3612c32ca65,4.0
d89a30306255acf57f4b4e9c6adfb2f0,4.0
6b3dceabfef5902a01b7e383f21310d2,4.0
275e303ad46976948515b5ea286bb7dd,4.0
6c88908aef2d59580ffc6f2695967980,4.0
cd4a4cd5016bf44fe442b7072a21e1eb,4.0
01abde01ab690c8511b2546e1885fb2f,4.0
f84bdd311e98b1943c5bf5eb30d3b663,4.0
9304349cf8127ecdfc4af11382b74bb2,4.0
8405f0103ab25e33cd2c1a2bad832853,4.0
f1700520f3255c99e0ccab39262c4c0b,4.0
e346376be2923de3db387267be7a87c7,4.0
86871c292456a713456c0643cf9837ee,4.0
a7eccb570981c39d0c9b040b6a948c3e,4.0
5fe4c82e513a0cd7758223abe90ed75b,4.0
987e9168272f214734311f45b4d30411,4.0
6a171a41bc4385b93bbba4518177c9a4,4.0
14702d7c66d7c890ca8500e8dddb892d,4.0
8b650785bd2b5b94891944d97efb1787,4.0
388ab5ad2559348983be33647b47635d,4.0
b24de35543e6253d2de4f60a031579d7,4.0
cc2262c44e5527bd54485d7a8a5e4ad8,4.0
ef2e79f478680985a9a11df1be6c2886,4.0
cc33201fbefc34b81d60c9010c8a23cb,4.0
84bc48cf2d2ff5e6359e4c3bcade9195,4.0
387e4f5f402ea2ba04d5e9a4bd17931d,4.0
d5812120f44086eb10157b103f18e197,4.0
3c5116efab29e68b8a7af945fd47287b,4.0
fbc387630e040b355fdd3f35e49161e7,4.0
f09b32014968a9744d86651e40872718,4.0
f8bc62f42c1b14b1b589cc689a68dfee,4.0
33dd29eb6409d16aebfa2b6f67e65baf,4.0
fed396cfefd109bb721704a90e1345c3,4.0
e0d3839ac723d315f96b437c0ec55c57,4.0
dfde01c218e15f9168bac43b4a9dac30,4.0
ddd104773309a2adf6cddfc35d077056,4.0
11d0f971a21b288576808b6b2e90a1ed,4.0
2a5c54cdb0bc7999ad491450b7199c7e,4.0
722c3918fd02af09a25343f1f6abe07e,4.0
021249831541261dead0f013d0b20438,4.0
2bb0ed7639bf464312b861e63538a3aa,4.0
2ba10229874a679829e05d9ad7307ceb,4.0
215f00963857e2b58645e91f43fc6432,4.0
d1b644fad64f21ca2d9fe5d19f3b54ea,4.0
47293f60a05b93cf3c061999b59201c2,4.0
369b8af0c4a868ad21ca7b481c07fbd9,4.0
8bcecfcbbe56c319b7884ef6b4617200,4.0
99cbfad92a18da6fca54223b09eba729,4.0
769ff9c8fffbb2c4a3107bc9cbf80920,4.0
5e315784630ea6bb08a595363740507d,4.0
5bf048886fbd29da590c6be7cfa02f65,4.0
8b37e8c987c3d8b9b0d2487e29385431,4.0
8482a5829f2f94d9201b1ac0cad7db47,4.0
93c47f1aa66e39ddcc7b2b366cbe14ae,4.0
3caf800609cb0c6ddd1bbb35e21ef582,4.0
41dc137a62784bb64d7152ecaf601618,4.0
9326c8f63feb662f6148cda8997b92fe,4.0
14189a2232ce9c45c6be6d515c40f14f,4.0
530cc382bf7284169e4bb8c3c2dde555,4.0
09ea41b8da9f668a120522636f994b33,4.0
6bd1bb18aaccad55fabea01389cc0f3c,4.0
e8dccbe67953fd3539760bbad4aae83c,4.0
b09e6eb8a35a0bf5678b1222d500173c,4.0
20215739de074c49ab606179e826b445,4.0
95633d746d32efb41afaf84ff138ce87,3.0
ce515ded5fb6ae6040f724af1c758400,3.0
5474a0b3f786c20ae09b448edaa84607,3.0
2f262248dab661c29d349bbb567813a1,3.0
dc55c2cf2be0ddf1a8accb6783d4170f,3.0
0a10bd9b1b9aaf619d617ed096e1d0d8,3.0
1724acf52dab173a371ad1c84ea8dddd,3.0
9635b0cb031ba2ba030b889cd48e648b,3.0
fa55dce3986c1b725ef173f82fe54a2e,3.0
9b66401d786d4afd5d30c3fb67fa9bd5,3.0
764e76c777a0f2332c3884bc42036eb0,3.0
541ec2975081c118559872db342fb95f,3.0
f7fdcfa01d523df77264515f6cc6c0a8,3.0
bb8d7dea5b8d68c017a276447ec59ed0,3.0
aebeae09be3a7cde57353fb109683041,3.0
17074387b51a37837c5cbc470074dd3f,3.0
322fffea1ea2182641cdb6b5532aaac8,3.0
b375c07cb7e41badb8943ec85b7ad806,3.0
14400d588b55f31c4f68419c83d86cd8,3.0
3e9bac4cc60a308531e56babe9fa9310,3.0
a336ba78d929c7b7ec63b3f6e5fcc836,3.0
88789eb88acc798d06e7740fc733d4a3,3.0
73fc3abedacf1021e9df5b9d3438f886,3.0
612ccb11b61a5c233825935d43d11da0,3.0
25caf6f8aeb393af079239799d054e1e,3.0
7ca02f57eedd6108d92c6d568cd0a465,3.0
9e051a8b6b099d92b95aa4bd4fcba1df,3.0
907ef027eb40fd1dcc58bd159f254032,3.0
4dd535cfaa7812329634ac8ca8d912ad,3.0
ae21806f7d60a4ac2fe7ed9e57d0f020,3.0
e724de47698ec36ed92222b09c49aba2,3.0
0cbbd5f0685a638cc708c85a61647afd,3.0
d0f7abdd80c8165303e349a23a4d0863,3.0
cdd12e57b5d49251d033ecf568045e5e,3.0
8a3447a63e55646c68b8189e935e9c85,3.0
4743dcc4c8c8365cd6f872729b83a3bb,3.0
cd796491efeb7a4c11717c33478fb44b,3.0
30ad0392ac228e4918fbe4bc8a379d0f,3.0
43b42dfdc6e2361fb08f21d87e1b7adc,3.0
d2400fbde82424b83808f436d06fdb61,3.0
f705a3d51c601b24aa1c8d25f0d403ba,3.0
b29362858108bb562ebe6f3442a11dfd,3.0
d9c77351d19753220d125fe57149e349,3.0
437700d82c64ad86f53111990a89efe8,3.0
3fc5b009b57d8fb38f493c2e7b3908a6,3.0
2f1c804ba933e0da4226324ee0cbc1f9,3.0
a133fdae4424397195310d918aa2565d,3.0
c7f71f3fa3c38bc7007b7ae6fd53d768,3.0
8ab520bdcdfd36ae5ba772f44755b69e,3.0
388f2fbd78f7a10f5ee9e8a766ad8297,3.0
b5b9a0f0f38881ede390811ec89af371,3.0
3f4571584bf2bd35670d9fefa7adeca0,3.0
53a1c90c3b1317aa4c0339d38bb60151,3.0
fd0edbdd434f4451cbdf599e56b1f882,3.0
77faf67f0f4809aceefcb9fe85b87407,3.0
3be2d42864f3964080f7bd2262f09e4c,3.0
f0896e397760777568d8c7399bc4e519,3.0
cbca28340fa447bb1720a7b062972cae,3.0
7a282fb1eafde33e74e1af68340132cc,3.0
44d4ebd32d405246a85af27fdebbbe13,3.0
6d48e0c7e3c0497d40804d63216c8b49,3.0
b4ba9cfd273e75acb781eb2137086161,3.0
bcd33112efa2259fc1dce6222c6a0c8d,3.0
15c71dc60a0b4e35fa5115904e171d76,3.0
a969d021d7f1242cfe5fbc322173bcad,3.0
7f3e4c3c86f944898fe885e5a8c5885a,3.0
903bd2a051ae8089c4492d468f8b337b,3.0
ab887d97586f117d1c680296e1816314,3.0
71c66cf7b3a0bdd8e8475a27488a8788,3.0
b85afdc3d778d15829ca92b5477b70f5,3.0
46f88bb479f376e487480af791462006,3.0
d1cdb2ddd508959d7d95b80b7a22bf6f,3.0
fd881629f6fd4c25a1b3557faee5d337,3.0
dedb36ece75fe39bbf652c28c809fc46,3.0
69915337bb7b45c833a47444357ae54b,3.0
80033290d9ed15700c00307d223f5dbb,3.0
23d95ffbe0b8fb252749ae0716ccfa20,3.0
5961175db37a3f5aa2986dda3d964c3f,3.0
895b39c4015f4393d86f420617ddda4c,3.0
9d1a1fb7875ac5a86ee4ba2176c3b122,3.0
d6ad0b6db26d045f15ccfa1abf3e30be,3.0
9e3bbabe1f38804389ab37d056240ca6,3.0
c0af41354bd9c6986fcee5679dba4ccf,3.0
2e5d35e9f234d05bae3dc95c2025b12e,3.0
b4d0119da759ca3c69ad3afb209777a0,3.0
89ceb7883e31e96e0a7ad17ad5ced088,3.0
5d4ec64e8d8b72f75c72177b25d305c5,3.0
e595d5c3f8cb8b6b7affde35891a2e10,3.0
7c50e3e22b4187e38547037aee6677f7,3.0
10ab1c84234db8ed71ee20e96fcd008d,3.0
dff4bc201c714b499efedf69cff3d4b4,3.0
25526a43e0596a8b08c24b7f6625b162,3.0
5899e288842904cb7c437d021291203a,3.0
439138d986e4aab81eecaaf2b8a3eb3f,3.0
eb14cb71dfd143eb2c2587709c816373,3.0
90da2a4038b744ead8272c2aed7d9011,3.0
41f6e369a457b79bf62eb77c257cf517,3.0
6b56e7c7899e6600863aaa738fa73559,3.0
ed57b8140fa323c8e889807e65cd12cb,3.0
2906d6f2656e895bfbe50d5e19c13d5a,3.0
b0234e0f2efd5b42fbd95f088d60c6ed,3.0
dc10966baf6068ec0bd5daaa85db253d,3.0
7e51a61a7af01b5120cdd16810fd5cf9,3.0
b314a5773857c23c8854ecc7a913c758,3.0
7ad8082f8dcfb2140b2552eab90f82dd,3.0
4ce815792bc39098e3440a5aeb089a34,3.0
608a8feb630b16475e086e6e77f084c4,3.0
fc8610d4b6a62cb5e61f2cc5002adf83,3.0
0f8a9752b8bb0533783b0898602f268a,3.0
9f5c1870d32d3e7a1c62166881b16acb,3.0
aad427293b5ee020f6c514fff04aba74,3.0
df5643c63c7857fb2859a73c83b50bf3,3.0
f368e19ce60f9567e86c4223566ff68f,3.0
8a2327e42c013dc0f02b49e07611e918,3.0
38bf6bce0862272ca9ce1888ce275888,3.0
ad9a6343a04a31c1ec53dfd69875c5f0,3.0
ec69308c3438a2d7d4d3e1f97944dd2a,3.0
ef289d460d88b8bf99288c9ccafa3de4,3.0
70f5dcd0f70bec34ecd97aeeede52a19,3.0
218c392d26f5957c3e7165ddba0e9f54,3.0
c5999997eecbb701b835611fdfc792fc,3.0
6d25a6b986c7a0b7f7f654bc9d189847,3.0
8b98193f5c8aa62948e18e099d384c9f,3.0
0da189cdaf1542bdbd739540b200a3ce,3.0
9a591cbe05eb2d1124ffabc35f6af626,3.0
1531ee36d1dfc8a7929d604d384eff74,3.0
c70123b2274257fa7ffeccfbb4a9a6ce,3.0
a8f9d93a0cbdd9d24fcd2a16d44fedcd,3.0
163ff4692cd381782770186ecb308deb,3.0
9e8b5b8c3d10d8af65ea688ea4d227f8,3.0
a4864e8b491abf5d8e81977dfee5f08d,3.0
334aca4f427ac801fff162998f15d9a1,3.0
66b366ce17bb01ead6df1d46e7bd40bc,3.0
cfa337c89ed5bf9a93abd51bea3cc9e9,3.0
f4b12398524c4fb1335007696851780a,3.0
d78380b4624f58986ab014f4c616feff,3.0
d5d71cdeb6901ab9febc1d483986088d,3.0
803131d492c791c431328ce575d9dd47,3.0
6ca89f0dccbf8ca9cd7a0a3525f53d94,3.0
c9e0dbfc7e12cf057d5e75cc867ec395,3.0
fc97a8b1a946f843fbf9d60809a69182,3.0
ff813886b6b61559dac3aa80134cdd33,3.0
94b573d0b9b7065e1c00f297bd42ff4e,3.0
c861e081babe5eaace8ecf5ee53bfb02,3.0
934adeeea349c96896c4aefbf2a63832,3.0
aac030ff349bdafdcc4ccb276eb39669,3.0
b9034cb18380d8b35f0662179506acae,3.0
129481565001095b7bcce907edfd53cd,3.0
e783a5025c3bd2ca1d749e44f462cec8,3.0
939c5c961b4ce9957927bf7bcee75548,3.0
c4a80f175baaa80eda95b49f61804025,3.0
d345fe4ac77cb0acf487b098ac6c3a3c,3.0
05c1ad8713f1d758323d33a4cb6bcf85,3.0
ffbb670e360067425ed5060f0c4004b3,3.0
e99ed0f998bfbab5b69ba1142df6a8f6,3.0
ee502503a9c2881fa445e449304dccad,3.0
0a36bfae6ebfcd25812054b7ae506f14,3.0
c956ffe5be1757d84e411b1dfcbfca29,3.0
d1222ac944a10228a9b331d492e1b2d0,3.0
329d257d8fd3013c5ed1372c3b9b385e,3.0
ef3c98e6cc33fdfe76fb209800aa408f,3.0
b34f978325ec702ce77ccddf8667e2dc,3.0
6c27da52ccaf6e1a6eb6314ff99df4fd,3.0
66855544fd8fb65e867d60ddd5884df7,3.0
995fcd13ea1b845b34217c1f8c300266,3.0
367da03193554afa419233cf58aa75c7,3.0
3b9e6dd399b0969f447f1d5311574d54,3.0
08f4dcce5563944191ace8742af09457,3.0
3458ae2251abf2646b2735e69b09cb4b,3.0
b8f4367e5788af9dedf00fb5abe5e0c4,3.0
210a28ebdfeb167fe581734c014a131a,3.0
0af029769b82b53924c9335ca3038914,3.0
52f48d7bf36f3ed9017f53e94309a83d,3.0
c7f4b7ec1722521707af94a903a97d62,3.0
25029f4e022f7487a4c52157fe037574,3.0
34beddf5da170b8703e41549d655efc6,3.0
6b45c2da9d1ed568e2acbb393ebb841d,3.0
a475d587fc96b09b7932da73a01eea44,3.0
43193a1c3e5b92c895b113ebabd31bc8,3.0
2c04f2c9d16a87f6e1f7d7837069d4cd,3.0
d8bab24dc0a86334a39309dadd3e1742,3.0
32ed75796a9f18dc2b504f1ac29a28e1,3.0
5c23553d97e595469189c366553f14f6,3.0
1c08e1992bce21c8b3fd1ed1a58b1156,3.0
ad86369f930dc0f8c0f4bc0c1af38be1,3.0
49d89f90eac48d767c88b3d644246790,3.0
dc6260af56855ee4b451ab1ed81d32c0,3.0
736b6c1ba09050838ddf09404b5f07f7,3.0
88f84064676e3de4fa2fc143e84686b4,3.0
88d692c3959bf9e20fab7baa397aa439,3.0
573432605efe72c1338b52cbd04a08d1,3.0
fb59f050f73217d9e640e849f11ffc6f,3.0
e2f0c2a5f0a4a6d07c4ca440ae5f4093,3.0
e15fb4a24ef0904ef20cd891b8cad42f,3.0
aba769ca8f1154321c55c89153b72348,3.0
6bd0e928dfe425e5ec8fecfc18f3a982,3.0
8a18b9120300d9593ad35045a8d80fe0,3.0
bb977da096d3b866e5e8b559ff7afd46,3.0
dcf6fa0b4f7760ae1e3506edba4263c2,3.0
1f5071193e063b5f9a40bf75232d8dec,3.0
e09ad4b743102b9cac3c69b32516f526,3.0
3a709babcf096592492eb4d7e379bbdc,3.0
521434392e22b2f778cbbad0c92d250f,3.0
8f63c471a3e5c082d3f787f7482d3a0b,3.0
3a038ec97cc68394c48e20aa601b3cb0,3.0
920e1bf39e05a0f6cb101cf839451606,3.0
8439125512d872891479554edef2f0f9,3.0
caa9323d0aa87f9bf216303e70327f31,3.0
79d44c02c84f4de0e556938336ac77db,3.0
d28697e696cc95d69187b603b567564a,3.0
95e0ee1a5a8a0ee827154e1229f41bae,3.0
895aa621af4da278a6c8c7d605b25da6,3.0
1c141df125f86b48ddb4d89c53ebe38d,3.0
a3be48706f5a523812f1e2ebdef8527e,3.0
cd90677920ba6846b74adb73b2e9adc3,3.0
bfabc5de3a9b15975f51d2b6368cb8c6,3.0
fb682473daec1fd414bb40d73f39bdc8,3.0
54ec9ce05be7b65bb57681b3c303cd91,3.0
e50726e74b3a12f63aff088e116b888e,3.0
675b52d534b2cd316658901488d79dce,3.0
81810663c70f63cba580c985ed31ab7e,3.0
e7fa4f760679a97113acaf3e4632ea1b,3.0
c20315cb1778ed5caa56893ee9c009f9,3.0
149fdfa346a9ab076d99b829851aaf94,3.0
f132b0bf89aea3bd6711fa2c23c1908b,3.0
fb91fb07264f43e4b06fe19659d964f0,3.0
dbcee770258e7094740a1d5288bb34bc,3.0
7c22e05fe4f0e7259149b7b3577ad46d,3.0
3eb00b961f20137d4167c49303185bde,3.0
c2128fa7db329078f56f71f90ee39c67,3.0
8161fcfe34e43caf9f2d32c1f1a2f679,3.0
89edff24f6dcae29374e08a2c5fce422,3.0
78135f5771bf0f71bb3b25ba8aa4db6b,3.0
25ed1489320d7d22a748d00fa6355fda,3.0
bf1f1564c23f454b1bb6eec866452ef2,3.0
d33ca22f1b29de3d48feeedf7bd58da6,3.0
a9c93aec5489b6086eedf38f7bbc56e6,3.0
efcfc182c7327a6e9376dd6bdd967898,3.0
1801afdb5d9f991c8280731c39b04ede,3.0
613affa18bbe4613ffc7422f24c9a2d1,3.0
0dbffddfeab4216923072521a98e2371,3.0
02e7246c84b0b4844fefc2f066cd7714,2.0
3a32c8157e515c9a58a46ad8d1c29784,2.0
67681e147bdfd786b82af68dd64e6170,2.0
95832d1a8d5a860e41e9a75ebfb812be,2.0
649e8c0288626943d6d29255450e6253,2.0
5dd026e2078d581aa4aaab483bdd471b,2.0
9b9fa858f048df0092a03c8417090fac,2.0
c1d993c150105e867eb9e871578117b3,2.0
a3819a63d684de3dbc103efb1abd5b69,2.0
0b2b1c1d6878eae34cea46abad258007,2.0
1eea9330db4dd36e2b21e666f125937f,2.0
37d6da9a911300e682f9371a427757d8,2.0
2551f74ba579fa2623b20ac13d8b35c4,2.0
7005c505c55d0b82213f65a4a16d1ffb,2.0
589b60a658e0c5f0689929f8475c2ea1,2.0
2f4deb55f7c63dd358fe73bd79e46ab0,2.0
40f6f7ab9de09486278fdf515f0a48d5,2.0
08b4d9b14689702beb843ae8b2c4aa54,2.0
5398f86650a503be6ecd86b6ac85d881,2.0
72ccf819fb4f1c7ee7c52becbcc172da,2.0
a073da3f9275ae53a2b7597c32c73ccd,2.0
fe702ca1d611b8934abf80a0240586d4,2.0
4fe85dc6ec235364fa50082891ef739d,2.0
44617cff25aee699a8768b9cfe0276a0,2.0
e6cf6d2b53bf9cd9e2722db5e2a2c29a,2.0
f0719598a8d0977e037d48db8f1024c4,2.0
7f0f80d352eaadfae7e5bdf5b88f8bcf,2.0
b4b8233a10dd6d1a6244def74461b2a5,2.0
acaa6fe062445b95590d349c619ff73f,2.0
5f1050630dc3b438f77a3bd86cb3d214,2.0
8beebb547fb6e582bb62c61213105adc,2.0
a70a0c682fd89a5e237475e9df066225,2.0
1a69728b037480bd22fe41a2cd46828a,2.0
3865736908ac2440a315ba2cfcd3c980,2.0
0ab3062bb1964592dbe53c3a98cf0c7f,2.0
11d1c302ca504a82a8f0d78a3e40f0a7,2.0
0830c590de6ddc6d842cbfc39c3ef607,2.0
d6ae91d0824195e69043ce7476cc082c,2.0
9a4e1bcfdea460c839d22a5e8ea3459d,2.0
41dfbdbbc895a909b024518567fd201b,2.0
45ddf307dc165fc6332efadd9fb6b5f0,2.0
1f731b5e3f8455e1c4e3b29e8c7e9571,2.0
68557d64ee8b8b5a99f7a2798240cffe,2.0
5a829680b3731612e0e50f15c41aeafb,2.0
a04b3eeab90f014d08373497ef6bf4a1,2.0
32beb1ea44c816d2936b2c7f6cfd2e31,2.0
488cabb57ff1fb0c3e31fa6df9d5eb3f,2.0
0b43042a481f221bf79f66601d1749e8,2.0
bf975084c8c0077ba3133a17999ebc5b,2.0
027c3d89832fe3925a0a475f2807cea2,2.0
ead90da9f47c01314271b7502127a1df,2.0
de9894a8c0e7f545e991f98ea26a7bf0,2.0
fe85db0928070168c0d919a0a54fd7e3,2.0
22ab8b79c994fcfe3f2acd59984b256f,2.0
382078d1362291574dfa5b7a7bcb8e0d,2.0
d66f06365a735a6fa9c3c2440aec66d7,2.0
35b83d2a4e94261d01f701a52543286a,2.0
a0e9f9fca947819e4cb9b36f15fa3171,2.0
f1c1a5b37f9e9c45beb8ff8cf3f54545,2.0
573d5d91fe37ba94c5b9f3ce8892826b,2.0
936ce53f0c9a1d142c58ba50cd2f38a6,2.0
4e7c909d153664b0028c0388d25916f7,2.0
42e3c92500ab3f3c7e90d94ef2419f8b,2.0
94beb8967d9916de831a3efdf9d933e9,2.0
42ecf4d43408053491a7ec24cfca8954,2.0
e60875f959bce21584e3f464bcc59192,2.0
80c979ea8e2d2df01de85f09434cc53c,2.0
fa81a957090a82f9ec6ce0c1819126b7,2.0
7a7537ab77738e2d6e6230e61452eb79,2.0
c041bd2f94b786ae5e310089fb0cdaa7,2.0
f664d858211d341994be8f9b21e9ec2f,2.0
d74a2d2e4131ef232b7d978b6a40bd3f,2.0
128c9cb8e37ff317f75dac5e08b5b791,2.0
300c5d8cc6ea425277f36b370321d30c,2.0
9b440979ce7af0bae1da0b2edacd20f4,2.0
ba4379051464f3b1b1586a9f4cde2867,2.0
3b9156937701b90507c91aa91b785807,2.0
2aa26feb385ecc8204d78e71abc18dc6,2.0
3d3bb06df80852d95c8914197448e42c,2.0
b1892cfb138a3e2c006c05aa51c0a820,2.0
18658b447afa5fda6ebe255f8a9f75c9,2.0
35dca9e94ceac320a0934c4c01a90180,2.0
f61bd7439c21938a72efcf101ce6055a,2.0
5f08061dddaf2c56d883bd8cf6983f8c,2.0
15a80e882940fb84d432ef4cc399dbb2,2.0
7d2e88f30a86a9c1c19dfec3aff78826,2.0
d19bb6b473f6bab1803a53b2c9ea1874,2.0
7404ef59bc8389d83ca009485151a690,2.0
1787820b5ec165c54fb442652519daf1,2.0
c4835766033e17a1b0b1f678e9b4b2f0,2.0
3c057f80953d700864ccbc377b9c490e,2.0
46f98e4c61fc90bdf6e2645e8ee80709,2.0
80cc38926ab13b6fe2e424d356df85c4,2.0
1d1f0a850b5ee2651bf87854715b42a7,2.0
db2466e4b7738c66eb25926be0a0005e,2.0
e6cb768f012f462eb66716ddac4b11d9,2.0
44f61c399488dd9afdddc7bb2df6f989,2.0
f4e3f7d0208fd55e712f35acc9db0b2c,2.0
ec3a1344332b92186c4adf202c4fb3a8,2.0
e30dd482070a49f3aaa89e13d2bf104b,2.0
9aa115df6cb97b202ceb4380c21b1b9a,2.0
fd9004c19ac6da145662717855461b55,2.0
9cc9054596117f3f64f2adda5646ed52,2.0
6a3d513b84e07a86dd68d9a7ae99dbdb,2.0
88cbdc3bd560f1347f0870f91e3bad2f,2.0
4d6ea17e445f53b55dbbd1edaa11ac81,2.0
b0dd46933d2b38df7c9a442f9433febf,2.0
bb967d89b151681a161d32b4312b26b6,2.0
b8a5b39fc3fec32ec091f030a2087205,2.0
0343d7292832ead68faf633512233df8,2.0
17de1f6dca803b09f226ecc5d75df075,2.0
733b61207c7d0acc4ba1bbd064fbd807,2.0
3be72cbaa03bfb2aadb0c627c5cdc60d,2.0
2ecec8e21203bbe93144809593511349,2.0
c0eaae6cf9dd2cf01dec34ddabbad6f2,2.0
475964775b1af6892d23e686d13e25dc,2.0
7eb1b28c2549b95749698046fe8d849e,2.0
a67f8d5daee35b78c94041a3681f191e,2.0
f0ac789efcbc866bd0748b344e96709b,2.0
f78b88854ecc17223b756e09d661498a,2.0
bbd364b1b282a3e608ba95c1a1bcf061,2.0
9f440c115db7174500845fd39fc965a3,2.0
f4d6a69af8f7155136de719bfff4dc9b,2.0
c67b8eec26e3aacb449766206fa1699b,2.0
eb03745f1a977b6d5ea89bca900fe64e,2.0
ecc509b7107c5e7d12046f8aed131db3,2.0
ce8fe29907bae3bbaa4753f627988478,2.0
a96f14b926a4d2a9891d13f7edb5fa0f,2.0
e652beb213320ebca052cf8458a8310f,2.0
2b6943daaf826326fb7307e59336beb4,2.0
2205cc629b58b5309f4afaac1f0f8813,2.0
ffde20ecf312035866cc2eb0983e59bb,2.0
0a421722ff12d6c6029b6418de785f2f,2.0
aa00399a78ae8a4824fc5a133d709290,2.0
e92b52474e35ea9721de4153f658d0bd,2.0
1bb97bf25933f6cc49a1e7b938128aa4,2.0
db363f7f515581c84697a64fadfb26aa,2.0
18317ac19961cd9aca1a668ebd224297,2.0
94188546ed8a3c0fa12261769f644d52,2.0
0256acf3aaf58f33046659d5e218aabf,2.0
cf408c9b76f4e5377501b5775bc9dc23,2.0
df077fcb247787ffa7e4a34fc93ad07b,2.0
4ead799bf84918241dfd92503c5337ee,2.0
4d133f09b59c34e678ba4ebc633f3900,2.0
f63b7f3cfa53ec874926aeb0e6abd0c0,2.0
95a779d316808ce3176dcf938f0a122f,2.0
544056d25545b3116fc901568a5d4e2c,2.0
9a9b295cb22d338e05f5eb49d801ed2c,2.0
7bfda160357cdcbbaaf484b57374fed8,2.0
db9a2bf63ce9d98188d5c50f9c4b55f9,2.0
e806a084248d2949bc3ad6aefcab1e06,2.0
aa4c6dac8d9d6df23989ace549c590cc,2.0
18e463101789134d55f7566bd37135d6,2.0
67f32d0ae1c888c9b9165727f38a7639,2.0
f7252932e26d32836d51d00c122a68ad,2.0
d70a7047efaaac65e5606cca9b9c6774,2.0
c50860f349fee188a661cfc41be854ed,2.0
c0337c7126577c7e32a0bcddce24d265,2.0
3676c9c96d0eea5d8a73b1c3bdea26dd,2.0
2632dd1fb17e9a97e4f1bd871c9d953d,2.0
c92281fcb27997b948407f640b7291fa,2.0
67b6d5d26361da0ac616cd359f1687e2,2.0
517656104078ce971dd7210c500d86d9,2.0
380382f19e61130e9a8e51c087d7019e,2.0
6d5b89e4cd8ee7c6b90a76a7ab78bac4,2.0
6995150366114a68adb9f99d88b846f7,2.0
4ab65e15d74a7c6a7ce5bf0cad672204,2.0
f0e2ae3de1f5aa1f1248bebf828bd41c,2.0
ca48c42fe9e70d4eafe2548d53b20d55,2.0
924dfea28f733f7be2642f5d7d10b4d1,2.0
ebd32f84d2971578b9eea31e94fa15a1,2.0
0e5f39d0335e0761278df7f84b41fa10,2.0
d46dabadc886583a7ea71ddcd7bc9183,2.0
ed29b1846d2db504e4c0d7aa3afd84b8,2.0
c8243184ad88f825cdd2dedadb9442b2,2.0
0018ff747bad597013414d028686fc63,2.0
3a736d39639b0d85fbfac76e5c651291,2.0
2e17290e661c5fdbdbe78f32208bba17,2.0
25e41dcfb62f0df1d8345b6f27039a88,2.0
7d2e2fca176d25f1ceb892bed1ef4f8d,2.0
1cdb86d7c2eb08a70df7372cfc653855,2.0
7fb506f4903e7f070ec43dc32f3ab290,2.0
5768df524b5247318a0c2e3aac868cb1,2.0
bc534e5ccf908c7a21794b87c37dc728,2.0
4708343a5b15c07a7e567864379de3ac,2.0
e188048f358bfa66e6aef5921ed5c955,2.0
f51b91302f6de00d760ca5288df0c01c,2.0
b58f0c1861c7a8eb8e76e9a4de90b19d,2.0
f957be84d698c047e250c8f687cf32f7,2.0
b666e0403c1a6baae7fd50f2a4342822,2.0
9da2d52796cf73361be69087dfa854e5,2.0
d6364d08b1c072ee559bde58c0a2d161,2.0
a494c9b75bd17915137a4c985d574d5d,2.0
afa0731777116d5a425b7fb958390265,2.0
2cda67eb921e9181aecffa2af0d3b322,2.0
14fa71f98eeace7e8c00b007e0e13a48,2.0
bf4e32759a6ffc17985e34a0780a4096,2.0
80f6cfd142e9a5de3476dab543712b65,2.0
dba9dd347347fc78c16a36f21fa964ae,2.0
a701cb6d96b15cc32bdef2b76f079053,2.0
7b6d314a7da4e80eb5c7fbc99852806f,2.0
d750119752ebeefede7c275e3ef20ae2,2.0
b169730590c5c937d4959e09b6a823a6,2.0
9a5137d011e6094696eaa8ad4c8562a5,2.0
5aae5da78d7441548212149b622b945e,2.0
36d3fd0e82b19fbfb29cbb217265ea3f,2.0
99ec0ed10cfae1f4ffca3fbe91974742,2.0
c3e6e98b6713254ac93ee809f1cf9047,2.0
8e315247e50ba2a64198288ea4574d9f,2.0
52c551f01d081ff06127b561ca8ac43b,2.0
5d854037b3a9962d2ff171e7a4b56547,2.0
d8f9d90958714482929f0b8e4f1d33fb,2.0
adf0e68a43240ddc31865dcd752aa728,2.0
e22f520907114bcfa07e564aaca4682d,2.0
6c099c546dd4b2682e6cd8a54dfd6816,2.0
2c2f85a367a64aa548e97ef11304853f,2.0
d37491690c5e58e4155ccf6adf016ca1,2.0
15960827868c4dc7a5eaeea9ab484535,2.0
5ac0d4b08564685b1cbbfb47054b7ef0,2.0
b94604ccc4eb49ab1f4c5da0a7ea9f7a,2.0
974f4eb5db4a4abc2d736ffcd8140cfa,2.0
4f5501a2d79e09997f0924fbef59ba83,2.0
21b7260ed0c4b7fe38ac38c3e31408e7,2.0
2cfa0698775d493a34d4b07bee75fe98,2.0
64661ae7ca2f160de6fa8e4d53fec415,2.0
bb918d7fd22ca90a2f1ee2b996af3559,2.0
678059d0a55370a03c795b657f336873,2.0
59422c9d7e67ebbec0094f69fe965cc2,2.0
bd81de398c35dde4b5bdb24673ffadb5,2.0
64cf490ef34d7054e24502ff2c71fce9,2.0
361d5fcf93ca753fe4872c98a62972b3,2.0
9ba4b994509ff393e8ae0f10ae147470,2.0
b5fcb788dbd3a7ffe0812e5c0f7ed2bc,2.0
45adbfbd96704eca90ec6ffc8f985960,2.0
3006aed6db25f73e7d72373b969bbe8c,2.0
cd19fa21c8dce7599ea29931143bd166,2.0
0d0207877028a6f491172484ae8ade9f,2.0
90c6b032f8fa30c7eb8fbd03fe0cbaac,2.0
44782f3e5dcdfdf6ec3eba969bd9d6ff,2.0
e904859fe5e3ffd9e5079049a0f86240,2.0
1b3742f0b9e63e52f20e5b0660bced84,2.0
d7fe34a84735b01a08433cceb064f87b,2.0
8b815bb4891c3fe986c69a73f6eac518,2.0
bf06e1f692785df4b075f0a2e69be1c5,2.0
ee240d173fab5c0c9072c0364614f14f,2.0
3c3d13dcd30ed697359ea8814b656805,2.0
0cabf1f353da27e82b44509953c1b5eb,2.0
13748ae9f3c776559cbfcd27136d5c54,2.0
bbcb289eb0a79bde38c465865deff46f,2.0
2f958756f83100cc44de79da17d470db,2.0
b929242054b6fd89b2bd6b1bf49ad9c5,2.0
bf0b5721b9bbfd5d50017ba3f57e73fd,2.0
2a6f5f785f8ad6fc4912426d3419b67c,2.0
9e09cb238219dcb129697cba17ef0a4d,2.0
95eea927fdb78a43d4903cbf879e6247,2.0
54485056f829f0118858bc0cdbe30b71,2.0
e08a49ff0e356769820368064da2ade2,2.0
d2f0a2daac2b20a4302385ed450d06d0,2.0
92d34300c324434323e00b7969a18119,2.0
c49b9e21d67e57a7359854610aa9ee4f,2.0
8ef16518a61343089db2357b5f9e90ce,2.0
2f2ff559844b24dbd35d091a54ba4791,2.0
4364e6585c8221ce4009d09522b9b481,2.0
579ee7560d55970e90a1d149b5416381,2.0
d4e2333fc1b0c2cae161d9df32e2207d,2.0
f8727bb5cf2411a44c0a25977e95cd1a,2.0
063def6a016d7b3632881c5d590af181,2.0
12ee155c4707ec4269f1eb6dd422b6b0,2.0
16a63eee47fd67647f53abb613693bab,2.0
83c1f2ba1fa0d6dc88edc459c32fc967,2.0
c23b239108004898fd40933ba1cffc48,2.0
3ac24a4077e963d1894d5a66a67c0d80,2.0
7ca2f8e5281c465f0ac3323b8ca60833,2.0
f45cf038427d6a2ac239ce70d6157534,2.0
a8dbfa908505b9e14cb9f9b03e60943c,2.0
a5788a8a8b167e7fd2008393398eb114,2.0
9be7fac64d6bcc383d656fe083ac9ae4,2.0
cf4c61fce1a86f6b6bb87c7895e5fc0c,2.0
a452db06cd37d7155bcb5bef14b7ad7d,2.0
d3305a63b0f97c271cb966d107b426e7,2.0
029ca78424c12047c768d8e51ed63b7a,2.0
fe7570add5b83f8f32088a35f6fb32f5,2.0
ae5714f4e5e1619521cb26b114bac046,2.0
ee875e7fa0a907b6580563c066f4ecfe,2.0
9f7252142a64886ac5bcdbed0ab05b56,2.0
d1461b70b5fdc619e4d3448bce13d354,2.0
617af595dfb3c966aad3501e408fd5b7,2.0
